rebalance_date,next_date,method,ticker,fa_score,weight,forward_return
2023-05-31,2023-06-30,equal,000020,61.6279,0.09000000000000001,0.08229164148437418
2023-05-31,2023-06-30,equal,016580,60.5814,0.09000000000000001,-0.08587429380686196
2023-05-31,2023-06-30,equal,021820,59.9946,0.09000000000000001,0.0148028787849952
2023-05-31,2023-06-30,equal,003030,59.5656,0.09000000000000001,0.24699507465102477
2023-05-31,2023-06-30,equal,003650,59.5419,0.09000000000000001,-0.04297992708096754
2023-05-31,2023-06-30,equal,007700,59.2001,0.09000000000000001,-0.017199067211108976
2023-05-31,2023-06-30,equal,192400,58.3427,0.09000000000000001,0.07808405649887251
2023-05-31,2023-06-30,equal,015230,57.8418,0.09000000000000001,0.11713039256575697
2023-05-31,2023-06-30,equal,227840,57.8112,0.09000000000000001,0.09455848751242124
2023-05-31,2023-06-30,equal,026960,57.5406,0.09000000000000001,-0.06535618871273385
2023-05-31,2023-06-30,fa_direct,000020,61.6279,0.09368349987957053,0.08229164148437418
2023-05-31,2023-06-30,fa_direct,016580,60.5814,0.0920926654908607,-0.08587429380686196
2023-05-31,2023-06-30,fa_direct,021820,59.9946,0.09120064292106143,0.0148028787849952
2023-05-31,2023-06-30,fa_direct,003030,59.5656,0.09054849963127977,0.24699507465102477
2023-05-31,2023-06-30,fa_direct,003650,59.5419,0.09051247213485127,-0.04297992708096754
2023-05-31,2023-06-30,fa_direct,007700,59.2001,0.08999288570956601,-0.017199067211108976
2023-05-31,2023-06-30,fa_direct,192400,58.3427,0.08868951121851985,0.07808405649887251
2023-05-31,2023-06-30,fa_direct,015230,57.8418,0.08792806932142978,0.11713039256575697
2023-05-31,2023-06-30,fa_direct,227840,57.8112,0.08788155280705374,0.09455848751242124
2023-05-31,2023-06-30,fa_direct,026960,57.5406,0.08747020088580684,-0.06535618871273385
2023-05-31,2023-06-30,fa_excess,000020,61.6279,0.11369212517843988,0.08229164148437418
2023-05-31,2023-06-30,fa_excess,016580,60.5814,0.10345994146519528,-0.08587429380686196
2023-05-31,2023-06-30,fa_excess,021820,59.9946,0.09772248766401803,0.0148028787849952
2023-05-31,2023-06-30,fa_excess,003030,59.5656,0.09352792788094885,0.24699507465102477
2023-05-31,2023-06-30,fa_excess,003650,59.5419,0.09329620045237365,-0.04297992708096754
2023-05-31,2023-06-30,fa_excess,007700,59.2001,0.08995424116600287,-0.017199067211108976
2023-05-31,2023-06-30,fa_excess,192400,58.3427,0.08157098811704355,0.07808405649887251
2023-05-31,2023-06-30,fa_excess,015230,57.8418,0.07667342402534336,0.11713039256575697
2023-05-31,2023-06-30,fa_excess,227840,57.8112,0.07637423164920834,0.09455848751242124
2023-05-31,2023-06-30,fa_excess,026960,57.5406,0.0737284324014262,-0.06535618871273385
2023-06-30,2023-07-31,equal,000020,61.6279,0.09000000000000001,-0.04138598548127159
2023-06-30,2023-07-31,equal,016580,60.5814,0.09000000000000001,-0.07147721615247937
2023-06-30,2023-07-31,equal,021820,59.9946,0.09000000000000001,-0.10701956401094626
2023-06-30,2023-07-31,equal,003030,59.5656,0.09000000000000001,-0.012048124815337236
2023-06-30,2023-07-31,equal,003650,59.5419,0.09000000000000001,-0.013473087593152466
2023-06-30,2023-07-31,equal,007700,59.2001,0.09000000000000001,-0.1434999228329289
2023-06-30,2023-07-31,equal,192400,58.3427,0.09000000000000001,-0.07668897411018605
2023-06-30,2023-07-31,equal,015230,57.8418,0.09000000000000001,0.011795526122148292
2023-06-30,2023-07-31,equal,227840,57.8112,0.09000000000000001,-0.0709046866211005
2023-06-30,2023-07-31,equal,026960,57.5406,0.09000000000000001,-0.04784439328494128
2023-06-30,2023-07-31,fa_direct,000020,61.6279,0.09368349987957053,-0.04138598548127159
2023-06-30,2023-07-31,fa_direct,016580,60.5814,0.0920926654908607,-0.07147721615247937
2023-06-30,2023-07-31,fa_direct,021820,59.9946,0.09120064292106143,-0.10701956401094626
2023-06-30,2023-07-31,fa_direct,003030,59.5656,0.09054849963127977,-0.012048124815337236
2023-06-30,2023-07-31,fa_direct,003650,59.5419,0.09051247213485127,-0.013473087593152466
2023-06-30,2023-07-31,fa_direct,007700,59.2001,0.08999288570956601,-0.1434999228329289
2023-06-30,2023-07-31,fa_direct,192400,58.3427,0.08868951121851985,-0.07668897411018605
2023-06-30,2023-07-31,fa_direct,015230,57.8418,0.08792806932142978,0.011795526122148292
2023-06-30,2023-07-31,fa_direct,227840,57.8112,0.08788155280705374,-0.0709046866211005
2023-06-30,2023-07-31,fa_direct,026960,57.5406,0.08747020088580684,-0.04784439328494128
2023-06-30,2023-07-31,fa_excess,000020,61.6279,0.11369212517843988,-0.04138598548127159
2023-06-30,2023-07-31,fa_excess,016580,60.5814,0.10345994146519528,-0.07147721615247937
2023-06-30,2023-07-31,fa_excess,021820,59.9946,0.09772248766401803,-0.10701956401094626
2023-06-30,2023-07-31,fa_excess,003030,59.5656,0.09352792788094885,-0.012048124815337236
2023-06-30,2023-07-31,fa_excess,003650,59.5419,0.09329620045237365,-0.013473087593152466
2023-06-30,2023-07-31,fa_excess,007700,59.2001,0.08995424116600287,-0.1434999228329289
2023-06-30,2023-07-31,fa_excess,192400,58.3427,0.08157098811704355,-0.07668897411018605
2023-06-30,2023-07-31,fa_excess,015230,57.8418,0.07667342402534336,0.011795526122148292
2023-06-30,2023-07-31,fa_excess,227840,57.8112,0.07637423164920834,-0.0709046866211005
2023-06-30,2023-07-31,fa_excess,026960,57.5406,0.0737284324014262,-0.04784439328494128
2023-07-31,2023-08-31,equal,000020,61.6279,0.09000000000000001,0.003012121143609159
2023-07-31,2023-08-31,equal,016580,60.5814,0.09000000000000001,0.07771256327788101
2023-07-31,2023-08-31,equal,021820,59.9946,0.09000000000000001,-0.1069587887611263
2023-07-31,2023-08-31,equal,003030,59.5656,0.09000000000000001,-0.09317073784942786
2023-07-31,2023-08-31,equal,003650,59.5419,0.09000000000000001,0.0743551845647652
2023-07-31,2023-08-31,equal,007700,59.2001,0.09000000000000001,0.0005836802992340573
2023-07-31,2023-08-31,equal,192400,58.3427,0.09000000000000001,0.41067883599488697
2023-07-31,2023-08-31,equal,015230,57.8418,0.09000000000000001,-0.12305701207536124
2023-07-31,2023-08-31,equal,227840,57.8112,0.09000000000000001,-0.020175443375939572
2023-07-31,2023-08-31,equal,026960,57.5406,0.09000000000000001,-0.01104360091554879
2023-07-31,2023-08-31,fa_direct,000020,61.6279,0.09368349987957053,0.003012121143609159
2023-07-31,2023-08-31,fa_direct,016580,60.5814,0.0920926654908607,0.07771256327788101
2023-07-31,2023-08-31,fa_direct,021820,59.9946,0.09120064292106143,-0.1069587887611263
2023-07-31,2023-08-31,fa_direct,003030,59.5656,0.09054849963127977,-0.09317073784942786
2023-07-31,2023-08-31,fa_direct,003650,59.5419,0.09051247213485127,0.0743551845647652
2023-07-31,2023-08-31,fa_direct,007700,59.2001,0.08999288570956601,0.0005836802992340573
2023-07-31,2023-08-31,fa_direct,192400,58.3427,0.08868951121851985,0.41067883599488697
2023-07-31,2023-08-31,fa_direct,015230,57.8418,0.08792806932142978,-0.12305701207536124
2023-07-31,2023-08-31,fa_direct,227840,57.8112,0.08788155280705374,-0.020175443375939572
2023-07-31,2023-08-31,fa_direct,026960,57.5406,0.08747020088580684,-0.01104360091554879
2023-07-31,2023-08-31,fa_excess,000020,61.6279,0.11369212517843988,0.003012121143609159
2023-07-31,2023-08-31,fa_excess,016580,60.5814,0.10345994146519528,0.07771256327788101
2023-07-31,2023-08-31,fa_excess,021820,59.9946,0.09772248766401803,-0.1069587887611263
2023-07-31,2023-08-31,fa_excess,003030,59.5656,0.09352792788094885,-0.09317073784942786
2023-07-31,2023-08-31,fa_excess,003650,59.5419,0.09329620045237365,0.0743551845647652
2023-07-31,2023-08-31,fa_excess,007700,59.2001,0.08995424116600287,0.0005836802992340573
2023-07-31,2023-08-31,fa_excess,192400,58.3427,0.08157098811704355,0.41067883599488697
2023-07-31,2023-08-31,fa_excess,015230,57.8418,0.07667342402534336,-0.12305701207536124
2023-07-31,2023-08-31,fa_excess,227840,57.8112,0.07637423164920834,-0.020175443375939572
2023-07-31,2023-08-31,fa_excess,026960,57.5406,0.0737284324014262,-0.01104360091554879
2023-08-31,2023-09-27,equal,016580,63.0682,0.09000000000000001,-0.05306109663121761
2023-08-31,2023-09-27,equal,009420,61.4773,0.09000000000000001,0.37473684210526326
2023-08-31,2023-09-27,equal,001940,60.3405,0.09000000000000001,0.2417580836501545
2023-08-31,2023-09-27,equal,021820,59.9946,0.09000000000000001,-0.06493505357089413
2023-08-31,2023-09-27,equal,007700,59.1656,0.09000000000000001,-0.0495916030425162
2023-08-31,2023-09-27,equal,036530,58.7428,0.09000000000000001,-0.0500311948551696
2023-08-31,2023-09-27,equal,000020,58.5227,0.09000000000000001,-0.019018994635417674
2023-08-31,2023-09-27,equal,009970,58.1115,0.09000000000000001,0.07476638101969102
2023-08-31,2023-09-27,equal,001800,57.8285,0.09000000000000001,0.003942148108464716
2023-08-31,2023-09-27,equal,227840,57.8112,0.09000000000000001,-0.04923901014126275
2023-08-31,2023-09-27,fa_direct,016580,63.0682,0.09538719352189491,-0.05306109663121761
2023-08-31,2023-09-27,fa_direct,009420,61.4773,0.09298104452487292,0.37473684210526326
2023-08-31,2023-09-27,fa_direct,001940,60.3405,0.09126169687271715,0.2417580836501545
2023-08-31,2023-09-27,fa_direct,021820,59.9946,0.09073854209361733,-0.06493505357089413
2023-08-31,2023-09-27,fa_direct,007700,59.1656,0.0894847250601575,-0.0495916030425162
2023-08-31,2023-09-27,fa_direct,036530,58.7428,0.08884526324864145,-0.0500311948551696
2023-08-31,2023-09-27,fa_direct,000020,58.5227,0.08851237407003529,-0.019018994635417674
2023-08-31,2023-09-27,fa_direct,009970,58.1115,0.08789045662231673,0.07476638101969102
2023-08-31,2023-09-27,fa_direct,001800,57.8285,0.08746243464346373,0.003942148108464716
2023-08-31,2023-09-27,fa_direct,227840,57.8112,0.08743626934228298,-0.04923901014126275
2023-08-31,2023-09-27,fa_excess,016580,63.0682,0.12372208295770483,-0.05306109663121761
2023-08-31,2023-09-27,fa_excess,009420,61.4773,0.10866037118581486,0.37473684210526326
2023-08-31,2023-09-27,fa_excess,001940,60.3405,0.09789781292176021,0.2417580836501545
2023-08-31,2023-09-27,fa_excess,021820,59.9946,0.09462303380183014,-0.06493505357089413
2023-08-31,2023-09-27,fa_excess,007700,59.1656,0.08677454611630823,-0.0495916030425162
2023-08-31,2023-09-27,fa_excess,036530,58.7428,0.08277172272253426,-0.0500311948551696
2023-08-31,2023-09-27,fa_excess,000020,58.5227,0.08068794450832029,-0.019018994635417674
2023-08-31,2023-09-27,fa_excess,009970,58.1115,0.07679494313764887,0.07476638101969102
2023-08-31,2023-09-27,fa_excess,001800,57.8285,0.07411566447057683,0.003942148108464716
2023-08-31,2023-09-27,fa_excess,227840,57.8112,0.07395187817750143,-0.04923901014126275
2023-09-27,2023-10-31,equal,016580,63.0682,0.09000000000000001,0.009339006458864096
2023-09-27,2023-10-31,equal,009420,61.4773,0.09000000000000001,-0.1041347626339969
2023-09-27,2023-10-31,equal,001940,60.3405,0.09000000000000001,-0.07964603977240337
2023-09-27,2023-10-31,equal,021820,59.9946,0.09000000000000001,-0.0895061614149868
2023-09-27,2023-10-31,equal,007700,59.1656,0.09000000000000001,-0.03560462866200198
2023-09-27,2023-10-31,equal,036530,58.7428,0.09000000000000001,0.053324421447348724
2023-09-27,2023-10-31,equal,000020,58.5227,0.09000000000000001,-0.011224408449404089
2023-09-27,2023-10-31,equal,009970,58.1115,0.09000000000000001,-0.008871964887010253
2023-09-27,2023-10-31,equal,001800,57.8285,0.09000000000000001,0.03861252429880091
2023-09-27,2023-10-31,equal,227840,57.8112,0.09000000000000001,-0.03954803560295961
2023-09-27,2023-10-31,fa_direct,016580,63.0682,0.09538719352189491,0.009339006458864096
2023-09-27,2023-10-31,fa_direct,009420,61.4773,0.09298104452487292,-0.1041347626339969
2023-09-27,2023-10-31,fa_direct,001940,60.3405,0.09126169687271715,-0.07964603977240337
2023-09-27,2023-10-31,fa_direct,021820,59.9946,0.09073854209361733,-0.0895061614149868
2023-09-27,2023-10-31,fa_direct,007700,59.1656,0.0894847250601575,-0.03560462866200198
2023-09-27,2023-10-31,fa_direct,036530,58.7428,0.08884526324864145,0.053324421447348724
2023-09-27,2023-10-31,fa_direct,000020,58.5227,0.08851237407003529,-0.011224408449404089
2023-09-27,2023-10-31,fa_direct,009970,58.1115,0.08789045662231673,-0.008871964887010253
2023-09-27,2023-10-31,fa_direct,001800,57.8285,0.08746243464346373,0.03861252429880091
2023-09-27,2023-10-31,fa_direct,227840,57.8112,0.08743626934228298,-0.03954803560295961
2023-09-27,2023-10-31,fa_excess,016580,63.0682,0.12372208295770483,0.009339006458864096
2023-09-27,2023-10-31,fa_excess,009420,61.4773,0.10866037118581486,-0.1041347626339969
2023-09-27,2023-10-31,fa_excess,001940,60.3405,0.09789781292176021,-0.07964603977240337
2023-09-27,2023-10-31,fa_excess,021820,59.9946,0.09462303380183014,-0.0895061614149868
2023-09-27,2023-10-31,fa_excess,007700,59.1656,0.08677454611630823,-0.03560462866200198
2023-09-27,2023-10-31,fa_excess,036530,58.7428,0.08277172272253426,0.053324421447348724
2023-09-27,2023-10-31,fa_excess,000020,58.5227,0.08068794450832029,-0.011224408449404089
2023-09-27,2023-10-31,fa_excess,009970,58.1115,0.07679494313764887,-0.008871964887010253
2023-09-27,2023-10-31,fa_excess,001800,57.8285,0.07411566447057683,0.03861252429880091
2023-09-27,2023-10-31,fa_excess,227840,57.8112,0.07395187817750143,-0.03954803560295961
2023-10-31,2023-11-30,equal,016580,63.0682,0.09000000000000001,-0.00498224775743128
2023-10-31,2023-11-30,equal,009420,61.4773,0.09000000000000001,0.1675213675213676
2023-10-31,2023-11-30,equal,001940,60.3405,0.09000000000000001,0.05288473589178233
2023-10-31,2023-11-30,equal,021820,59.9946,0.09000000000000001,0.1254236638000623
2023-10-31,2023-11-30,equal,007700,59.1656,0.09000000000000001,-0.01909613417891476
2023-10-31,2023-11-30,equal,036530,58.7428,0.09000000000000001,0.06937507756418348
2023-10-31,2023-11-30,equal,000020,58.5227,0.09000000000000001,-0.01857597739610961
2023-10-31,2023-11-30,equal,009970,58.1115,0.09000000000000001,-0.010230311379213042
2023-10-31,2023-11-30,equal,001800,57.8285,0.09000000000000001,-0.03024570723366049
2023-10-31,2023-11-30,equal,227840,57.8112,0.09000000000000001,0.061764672345553384
2023-10-31,2023-11-30,fa_direct,016580,63.0682,0.09538719352189491,-0.00498224775743128
2023-10-31,2023-11-30,fa_direct,009420,61.4773,0.09298104452487292,0.1675213675213676
2023-10-31,2023-11-30,fa_direct,001940,60.3405,0.09126169687271715,0.05288473589178233
2023-10-31,2023-11-30,fa_direct,021820,59.9946,0.09073854209361733,0.1254236638000623
2023-10-31,2023-11-30,fa_direct,007700,59.1656,0.0894847250601575,-0.01909613417891476
2023-10-31,2023-11-30,fa_direct,036530,58.7428,0.08884526324864145,0.06937507756418348
2023-10-31,2023-11-30,fa_direct,000020,58.5227,0.08851237407003529,-0.01857597739610961
2023-10-31,2023-11-30,fa_direct,009970,58.1115,0.08789045662231673,-0.010230311379213042
2023-10-31,2023-11-30,fa_direct,001800,57.8285,0.08746243464346373,-0.03024570723366049
2023-10-31,2023-11-30,fa_direct,227840,57.8112,0.08743626934228298,0.061764672345553384
2023-10-31,2023-11-30,fa_excess,016580,63.0682,0.12372208295770483,-0.00498224775743128
2023-10-31,2023-11-30,fa_excess,009420,61.4773,0.10866037118581486,0.1675213675213676
2023-10-31,2023-11-30,fa_excess,001940,60.3405,0.09789781292176021,0.05288473589178233
2023-10-31,2023-11-30,fa_excess,021820,59.9946,0.09462303380183014,0.1254236638000623
2023-10-31,2023-11-30,fa_excess,007700,59.1656,0.08677454611630823,-0.01909613417891476
2023-10-31,2023-11-30,fa_excess,036530,58.7428,0.08277172272253426,0.06937507756418348
2023-10-31,2023-11-30,fa_excess,000020,58.5227,0.08068794450832029,-0.01857597739610961
2023-10-31,2023-11-30,fa_excess,009970,58.1115,0.07679494313764887,-0.010230311379213042
2023-10-31,2023-11-30,fa_excess,001800,57.8285,0.07411566447057683,-0.03024570723366049
2023-10-31,2023-11-30,fa_excess,227840,57.8112,0.07395187817750143,0.061764672345553384
2023-11-30,2023-12-28,equal,302440,64.4318,0.09000000000000001,0.05882352941176472
2023-11-30,2023-12-28,equal,023590,63.9503,0.09000000000000001,0.05345219889881281
2023-11-30,2023-12-28,equal,377740,63.2045,0.09000000000000001,0.013126473121903848
2023-11-30,2023-12-28,equal,016580,62.1591,0.09000000000000001,0.09791346504165732
2023-11-30,2023-12-28,equal,009970,60.9021,0.09000000000000001,0.007751982231606558
2023-11-30,2023-12-28,equal,005430,60.1454,0.09000000000000001,0.11858312587411568
2023-11-30,2023-12-28,equal,001560,60.0145,0.09000000000000001,0.07566809217658577
2023-11-30,2023-12-28,equal,021820,59.9946,0.09000000000000001,0.0
2023-11-30,2023-12-28,equal,007700,59.1656,0.09000000000000001,0.04021696410299502
2023-11-30,2023-12-28,equal,036530,58.7428,0.09000000000000001,0.04103098631171043
2023-11-30,2023-12-28,fa_direct,302440,64.4318,0.09464274085632911,0.05882352941176472
2023-11-30,2023-12-28,fa_direct,023590,63.9503,0.09393547395206255,0.05345219889881281
2023-11-30,2023-12-28,fa_direct,377740,63.2045,0.09283998141374063,0.013126473121903848
2023-11-30,2023-12-28,fa_direct,016580,62.1591,0.09130441169054172,0.09791346504165732
2023-11-30,2023-12-28,fa_direct,009970,60.9021,0.08945802643890502,0.007751982231606558
2023-11-30,2023-12-28,fa_direct,005430,60.1454,0.08834652308177417,0.11858312587411568
2023-11-30,2023-12-28,fa_direct,001560,60.0145,0.0881542463678209,0.07566809217658577
2023-11-30,2023-12-28,fa_direct,021820,59.9946,0.08812501560687613,0.0
2023-11-30,2023-12-28,fa_direct,007700,59.1656,0.08690731204792082,0.04021696410299502
2023-11-30,2023-12-28,fa_direct,036530,58.7428,0.08628626854402903,0.04103098631171043
2023-11-30,2023-12-28,fa_excess,302440,64.4318,0.1152385709608759,0.05882352941176472
2023-11-30,2023-12-28,fa_excess,023590,63.9503,0.11139377184242488,0.05345219889881281
2023-11-30,2023-12-28,fa_excess,377740,63.2045,0.10543852535739733,0.013126473121903848
2023-11-30,2023-12-28,fa_excess,016580,62.1591,0.09709095942088908,0.09791346504165732
2023-11-30,2023-12-28,fa_excess,009970,60.9021,0.08705375798393584,0.007751982231606558
2023-11-30,2023-12-28,fa_excess,005430,60.1454,0.08101147450951864,0.11858312587411568
2023-11-30,2023-12-28,fa_excess,001560,60.0145,0.079966232132353,0.07566809217658577
2023-11-30,2023-12-28,fa_excess,021820,59.9946,0.07980732973888015,0.0
2023-11-30,2023-12-28,fa_excess,007700,59.1656,0.07318772751832787,0.04021696410299502
2023-11-30,2023-12-28,fa_excess,036530,58.7428,0.06981165053539727,0.04103098631171043
2023-12-28,2024-01-31,equal,302440,64.4318,0.09000000000000001,-0.11805555555555558
2023-12-28,2024-01-31,equal,023590,63.9503,0.09000000000000001,0.11458923455602754
2023-12-28,2024-01-31,equal,377740,63.2045,0.09000000000000001,0.02120146693384095
2023-12-28,2024-01-31,equal,016580,62.1591,0.09000000000000001,-0.04255320456296652
2023-12-28,2024-01-31,equal,009970,60.9021,0.09000000000000001,0.039743626051091274
2023-12-28,2024-01-31,equal,005430,60.1454,0.09000000000000001,0.1030302728612027
2023-12-28,2024-01-31,equal,001560,60.0145,0.09000000000000001,-0.029919498019537527
2023-12-28,2024-01-31,equal,021820,59.9946,0.09000000000000001,0.13704820893349057
2023-12-28,2024-01-31,equal,007700,59.1656,0.09000000000000001,-0.04862447244814161
2023-12-28,2024-01-31,equal,036530,58.7428,0.09000000000000001,0.11625239213212635
2023-12-28,2024-01-31,fa_direct,302440,64.4318,0.09464274085632911,-0.11805555555555558
2023-12-28,2024-01-31,fa_direct,023590,63.9503,0.09393547395206255,0.11458923455602754
2023-12-28,2024-01-31,fa_direct,377740,63.2045,0.09283998141374063,0.02120146693384095
2023-12-28,2024-01-31,fa_direct,016580,62.1591,0.09130441169054172,-0.04255320456296652
2023-12-28,2024-01-31,fa_direct,009970,60.9021,0.08945802643890502,0.039743626051091274
2023-12-28,2024-01-31,fa_direct,005430,60.1454,0.08834652308177417,0.1030302728612027
2023-12-28,2024-01-31,fa_direct,001560,60.0145,0.0881542463678209,-0.029919498019537527
2023-12-28,2024-01-31,fa_direct,021820,59.9946,0.08812501560687613,0.13704820893349057
2023-12-28,2024-01-31,fa_direct,007700,59.1656,0.08690731204792082,-0.04862447244814161
2023-12-28,2024-01-31,fa_direct,036530,58.7428,0.08628626854402903,0.11625239213212635
2023-12-28,2024-01-31,fa_excess,302440,64.4318,0.1152385709608759,-0.11805555555555558
2023-12-28,2024-01-31,fa_excess,023590,63.9503,0.11139377184242488,0.11458923455602754
2023-12-28,2024-01-31,fa_excess,377740,63.2045,0.10543852535739733,0.02120146693384095
2023-12-28,2024-01-31,fa_excess,016580,62.1591,0.09709095942088908,-0.04255320456296652
2023-12-28,2024-01-31,fa_excess,009970,60.9021,0.08705375798393584,0.039743626051091274
2023-12-28,2024-01-31,fa_excess,005430,60.1454,0.08101147450951864,0.1030302728612027
2023-12-28,2024-01-31,fa_excess,001560,60.0145,0.079966232132353,-0.029919498019537527
2023-12-28,2024-01-31,fa_excess,021820,59.9946,0.07980732973888015,0.13704820893349057
2023-12-28,2024-01-31,fa_excess,007700,59.1656,0.07318772751832787,-0.04862447244814161
2023-12-28,2024-01-31,fa_excess,036530,58.7428,0.06981165053539727,0.11625239213212635
2024-01-31,2024-02-29,equal,302440,64.4318,0.09000000000000001,-0.03307086614173227
2024-01-31,2024-02-29,equal,023590,63.9503,0.09000000000000001,0.08826474399494044
2024-01-31,2024-02-29,equal,377740,63.2045,0.09000000000000001,0.02883505653422791
2024-01-31,2024-02-29,equal,016580,62.1591,0.09000000000000001,-0.009722196341732103
2024-01-31,2024-02-29,equal,009970,60.9021,0.09000000000000001,0.12453750996494461
2024-01-31,2024-02-29,equal,005430,60.1454,0.09000000000000001,-0.010988990677805122
2024-01-31,2024-02-29,equal,001560,60.0145,0.09000000000000001,0.011862367014267461
2024-01-31,2024-02-29,equal,021820,59.9946,0.09000000000000001,0.18543052378661828
2024-01-31,2024-02-29,equal,007700,59.1656,0.09000000000000001,0.11701413218890533
2024-01-31,2024-02-29,equal,036530,58.7428,0.09000000000000001,0.11398942113738597
2024-01-31,2024-02-29,fa_direct,302440,64.4318,0.09464274085632911,-0.03307086614173227
2024-01-31,2024-02-29,fa_direct,023590,63.9503,0.09393547395206255,0.08826474399494044
2024-01-31,2024-02-29,fa_direct,377740,63.2045,0.09283998141374063,0.02883505653422791
2024-01-31,2024-02-29,fa_direct,016580,62.1591,0.09130441169054172,-0.009722196341732103
2024-01-31,2024-02-29,fa_direct,009970,60.9021,0.08945802643890502,0.12453750996494461
2024-01-31,2024-02-29,fa_direct,005430,60.1454,0.08834652308177417,-0.010988990677805122
2024-01-31,2024-02-29,fa_direct,001560,60.0145,0.0881542463678209,0.011862367014267461
2024-01-31,2024-02-29,fa_direct,021820,59.9946,0.08812501560687613,0.18543052378661828
2024-01-31,2024-02-29,fa_direct,007700,59.1656,0.08690731204792082,0.11701413218890533
2024-01-31,2024-02-29,fa_direct,036530,58.7428,0.08628626854402903,0.11398942113738597
2024-01-31,2024-02-29,fa_excess,302440,64.4318,0.1152385709608759,-0.03307086614173227
2024-01-31,2024-02-29,fa_excess,023590,63.9503,0.11139377184242488,0.08826474399494044
2024-01-31,2024-02-29,fa_excess,377740,63.2045,0.10543852535739733,0.02883505653422791
2024-01-31,2024-02-29,fa_excess,016580,62.1591,0.09709095942088908,-0.009722196341732103
2024-01-31,2024-02-29,fa_excess,009970,60.9021,0.08705375798393584,0.12453750996494461
2024-01-31,2024-02-29,fa_excess,005430,60.1454,0.08101147450951864,-0.010988990677805122
2024-01-31,2024-02-29,fa_excess,001560,60.0145,0.079966232132353,0.011862367014267461
2024-01-31,2024-02-29,fa_excess,021820,59.9946,0.07980732973888015,0.18543052378661828
2024-01-31,2024-02-29,fa_excess,007700,59.1656,0.07318772751832787,0.11701413218890533
2024-01-31,2024-02-29,fa_excess,036530,58.7428,0.06981165053539727,0.11398942113738597
2024-02-29,2024-03-29,equal,302440,64.4318,0.09000000000000001,-0.0016286644951140072
2024-02-29,2024-03-29,equal,023590,63.9503,0.09000000000000001,-0.05760368200788557
2024-02-29,2024-03-29,equal,377740,63.2045,0.09000000000000001,0.00891648037013737
2024-02-29,2024-03-29,equal,016580,62.1591,0.09000000000000001,0.019635290836200747
2024-02-29,2024-03-29,equal,009970,60.9021,0.09000000000000001,-0.020274659494821434
2024-02-29,2024-03-29,equal,005430,60.1454,0.09000000000000001,0.05185190449091137
2024-02-29,2024-03-29,equal,001560,60.0145,0.09000000000000001,0.00820637458331519
2024-02-29,2024-03-29,equal,021820,59.9946,0.09000000000000001,-0.06033525074126389
2024-02-29,2024-03-29,equal,007700,59.1656,0.09000000000000001,-0.09753155427573845
2024-02-29,2024-03-29,equal,000020,58.6364,0.09000000000000001,-0.032921846403389465
2024-02-29,2024-03-29,fa_direct,302440,64.4318,0.09465917885329894,-0.0016286644951140072
2024-02-29,2024-03-29,fa_direct,023590,63.9503,0.09395178910758543,-0.05760368200788557
2024-02-29,2024-03-29,fa_direct,377740,63.2045,0.09285610629896004,0.00891648037013737
2024-02-29,2024-03-29,fa_direct,016580,62.1591,0.09132026987077956,0.019635290836200747
2024-02-29,2024-03-29,fa_direct,009970,60.9021,0.08947356393025646,-0.020274659494821434
2024-02-29,2024-03-29,fa_direct,005430,60.1454,0.0883618675219877,0.05185190449091137
2024-02-29,2024-03-29,fa_direct,001560,60.0145,0.08816955741250919,0.00820637458331519
2024-02-29,2024-03-29,fa_direct,021820,59.9946,0.0881403215746282,-0.06033525074126389
2024-02-29,2024-03-29,fa_direct,007700,59.1656,0.08692240651918376,-0.09753155427573845
2024-02-29,2024-03-29,fa_direct,000020,58.6364,0.08614493891081079,-0.032921846403389465
2024-02-29,2024-03-29,fa_excess,302440,64.4318,0.11534746008811382,-0.0016286644951140072
2024-02-29,2024-03-29,fa_excess,023590,63.9503,0.11149902801225174,-0.05760368200788557
2024-02-29,2024-03-29,fa_excess,377740,63.2045,0.10553815440440555,0.00891648037013737
2024-02-29,2024-03-29,fa_excess,016580,62.1591,0.0971827008382451,0.019635290836200747
2024-02-29,2024-03-29,fa_excess,009970,60.9021,0.08713601523210036,-0.020274659494821434
2024-02-29,2024-03-29,fa_excess,005430,60.1454,0.08108802239346102,0.05185190449091137
2024-02-29,2024-03-29,fa_excess,001560,60.0145,0.0800417923649452,0.00820637458331519
2024-02-29,2024-03-29,fa_excess,021820,59.9946,0.07988273982432285,-0.06033525074126389
2024-02-29,2024-03-29,fa_excess,007700,59.1656,0.0732568827300556,-0.09753155427573845
2024-02-29,2024-03-29,fa_excess,000020,58.6364,0.06902720411209876,-0.032921846403389465
2024-03-29,2024-04-30,equal,023590,63.9503,0.09000000000000001,-0.034229910958151644
2024-03-29,2024-04-30,equal,029780,62.703,0.09000000000000001,0.033025197762693415
2024-03-29,2024-04-30,equal,016580,62.381,0.09000000000000001,-0.027510264079826263
2024-03-29,2024-04-30,equal,009970,60.9021,0.09000000000000001,-0.019562645217992447
2024-03-29,2024-04-30,equal,007700,60.3194,0.09000000000000001,0.006671123742518326
2024-03-29,2024-04-30,equal,005430,60.1454,0.09000000000000001,0.2429577777681715
2024-03-29,2024-04-30,equal,001560,60.0145,0.09000000000000001,-0.029069758875890472
2024-03-29,2024-04-30,equal,021820,59.9946,0.09000000000000001,-0.04399525324735942
2024-03-29,2024-04-30,equal,026890,59.2308,0.09000000000000001,0.12129033234423625
2024-03-29,2024-04-30,equal,192400,59.1044,0.09000000000000001,0.08818632726794773
2024-03-29,2024-04-30,fa_direct,023590,63.9503,0.09454734367646249,-0.034229910958151644
2024-03-29,2024-04-30,fa_direct,029780,62.703,0.09270327254985869,0.033025197762693415
2024-03-29,2024-04-30,fa_direct,016580,62.381,0.09222721153585531,-0.027510264079826263
2024-03-29,2024-04-30,fa_direct,009970,60.9021,0.09004073130725401,-0.019562645217992447
2024-03-29,2024-04-30,fa_direct,007700,60.3194,0.08917923828595037,0.006671123742518326
2024-03-29,2024-04-30,fa_direct,005430,60.1454,0.08892198792434607,0.2429577777681715
2024-03-29,2024-04-30,fa_direct,001560,60.0145,0.08872845877300119,-0.029069758875890472
2024-03-29,2024-04-30,fa_direct,021820,59.9946,0.08869903761095566,-0.04399525324735942
2024-03-29,2024-04-30,fa_direct,026890,59.2308,0.08756979723053394,0.12129033234423625
2024-03-29,2024-04-30,fa_direct,192400,59.1044,0.0873829211057823,0.08818632726794773
2024-03-29,2024-04-30,fa_excess,023590,63.9503,0.11545553609114857,-0.034229910958151644
2024-03-29,2024-04-30,fa_excess,029780,62.703,0.10513262617763496,0.033025197762693415
2024-03-29,2024-04-30,fa_excess,016580,62.381,0.1024676883181373,-0.027510264079826263
2024-03-29,2024-04-30,fa_excess,009970,60.9021,0.09022800943487314,-0.019562645217992447
2024-03-29,2024-04-30,fa_excess,007700,60.3194,0.08540546505372637,0.006671123742518326
2024-03-29,2024-04-30,fa_excess,005430,60.1454,0.08396540546505375,0.2429577777681715
2024-03-29,2024-04-30,fa_excess,001560,60.0145,0.08288205029173619,-0.029069758875890472
2024-03-29,2024-04-30,fa_excess,021820,59.9946,0.08271735382153743,-0.04399525324735942
2024-03-29,2024-04-30,fa_excess,026890,59.2308,0.07639598879953655,0.12129033234423625
2024-03-29,2024-04-30,fa_excess,192400,59.1044,0.07534987654661571,0.08818632726794773
2024-04-30,2024-05-31,equal,023590,63.9503,0.09000000000000001,-0.002025268059629326
2024-04-30,2024-05-31,equal,029780,62.703,0.09000000000000001,0.03580557793622785
2024-04-30,2024-05-31,equal,016580,62.381,0.09000000000000001,0.02404520742679317
2024-04-30,2024-05-31,equal,009970,61.0521,0.09000000000000001,0.02347416325081486
2024-04-30,2024-05-31,equal,007700,60.3194,0.09000000000000001,0.0337971895933169
2024-04-30,2024-05-31,equal,005430,60.1454,0.09000000000000001,-0.052407944492915304
2024-04-30,2024-05-31,equal,001560,60.0145,0.09000000000000001,0.023952036304204283
2024-04-30,2024-05-31,equal,021820,59.9946,0.09000000000000001,0.026119449612972856
2024-04-30,2024-05-31,equal,026890,59.2308,0.09000000000000001,0.22784811151955475
2024-04-30,2024-05-31,equal,192400,59.1044,0.09000000000000001,0.09072382964340164
2024-04-30,2024-05-31,fa_direct,023590,63.9503,0.09452405215673296,-0.002025268059629326
2024-04-30,2024-05-31,fa_direct,029780,62.703,0.09268043531279177,0.03580557793622785
2024-04-30,2024-05-31,fa_direct,016580,62.381,0.09220449157531957,0.02404520742679317
2024-04-30,2024-05-31,fa_direct,009970,61.0521,0.09024026290225498,0.02347416325081486
2024-04-30,2024-05-31,fa_direct,007700,60.3194,0.08915726918658455,0.0337971895933169
2024-04-30,2024-05-31,fa_direct,005430,60.1454,0.08890008219801263,-0.052407944492915304
2024-04-30,2024-05-31,fa_direct,001560,60.0145,0.08870660072212717,0.023952036304204283
2024-04-30,2024-05-31,fa_direct,021820,59.9946,0.08867718680791695,0.026119449612972856
2024-04-30,2024-05-31,fa_direct,026890,59.2308,0.08754822461325465,0.22784811151955475
2024-04-30,2024-05-31,fa_direct,192400,59.1044,0.08736139452500469,0.09072382964340164
2024-04-30,2024-05-31,fa_excess,023590,63.9503,0.11529649985536591,-0.002025268059629326
2024-04-30,2024-05-31,fa_excess,029780,62.703,0.10498780941361215,0.03580557793622785
2024-04-30,2024-05-31,fa_excess,016580,62.381,0.10232654241910821,0.02404520742679317
2024-04-30,2024-05-31,fa_excess,009970,61.0521,0.09134344394396464,0.02347416325081486
2024-04-30,2024-05-31,fa_excess,007700,60.3194,0.08528782181081863,0.0337971895933169
2024-04-30,2024-05-31,fa_excess,005430,60.1454,0.08384974585726684,-0.052407944492915304
2024-04-30,2024-05-31,fa_excess,001560,60.0145,0.08276788297037066,0.023952036304204283
2024-04-30,2024-05-31,fa_excess,021820,59.9946,0.08260341336418858,0.026119449612972856
2024-04-30,2024-05-31,fa_excess,026890,59.2308,0.07629075581635605,0.22784811151955475
2024-04-30,2024-05-31,fa_excess,192400,59.1044,0.07524608454894828,0.09072382964340164
2024-05-31,2024-06-28,equal,004970,86.4292,0.09000000000000001,0.15676715631844762
2024-05-31,2024-06-28,equal,000240,85.9385,0.09000000000000001,0.005287505817973326
2024-05-31,2024-06-28,equal,001800,84.8042,0.09000000000000001,0.020805346850025552
2024-05-31,2024-06-28,equal,377740,83.5394,0.09000000000000001,-0.001218037088578261
2024-05-31,2024-06-28,equal,042700,83.1307,0.09000000000000001,0.06555354137474123
2024-05-31,2024-06-28,equal,383800,83.1288,0.09000000000000001,0.015965092225416644
2024-05-31,2024-06-28,equal,057050,80.8562,0.09000000000000001,-0.0210325847949816
2024-05-31,2024-06-28,equal,000220,80.6667,0.09000000000000001,-0.07200000004029172
2024-05-31,2024-06-28,equal,226320,80.3016,0.09000000000000001,-0.1000000000257335
2024-05-31,2024-06-28,equal,192080,80.0596,0.09000000000000001,0.04180783679211686
2024-05-31,2024-06-28,fa_direct,004970,86.4292,0.09384788580003568,0.15676715631844762
2024-05-31,2024-06-28,fa_direct,000240,85.9385,0.09331506636445053,0.005287505817973326
2024-05-31,2024-06-28,fa_direct,001800,84.8042,0.09208340325912291,0.020805346850025552
2024-05-31,2024-06-28,fa_direct,377740,83.5394,0.09071003863281739,-0.001218037088578261
2024-05-31,2024-06-28,fa_direct,042700,83.1307,0.09026625770083521,0.06555354137474123
2024-05-31,2024-06-28,fa_direct,383800,83.1288,0.09026419461355661,0.015965092225416644
2024-05-31,2024-06-28,fa_direct,057050,80.8562,0.08779652506126223,-0.0210325847949816
2024-05-31,2024-06-28,fa_direct,000220,80.6667,0.08759075925110657,-0.07200000004029172
2024-05-31,2024-06-28,fa_direct,226320,80.3016,0.08719432074299131,-0.1000000000257335
2024-05-31,2024-06-28,fa_direct,192080,80.0596,0.08693154857382154,0.04180783679211686
2024-05-31,2024-06-28,fa_excess,004970,86.4292,0.0996983167956445,0.15676715631844762
2024-05-31,2024-06-28,fa_excess,000240,85.9385,0.09835538409188978,0.005287505817973326
2024-05-31,2024-06-28,fa_excess,001800,84.8042,0.09525106665584122,0.020805346850025552
2024-05-31,2024-06-28,fa_excess,377740,83.5394,0.09178960082395003,-0.001218037088578261
2024-05-31,2024-06-28,fa_excess,042700,83.1307,0.09067108320417304,0.06555354137474123
2024-05-31,2024-06-28,fa_excess,383800,83.1288,0.0906658833424711,0.015965092225416644
2024-05-31,2024-06-28,fa_excess,057050,80.8562,0.08444630139310681,-0.0210325847949816
2024-05-31,2024-06-28,fa_excess,000220,80.6667,0.08392768360757284,-0.07200000004029172
2024-05-31,2024-06-28,fa_excess,226320,80.3016,0.08292848913000839,-0.1000000000257335
2024-05-31,2024-06-28,fa_excess,192080,80.0596,0.08226619095534232,0.04180783679211686
2024-06-28,2024-07-31,equal,004970,86.4292,0.09000000000000001,-0.10101002575065543
2024-06-28,2024-07-31,equal,000240,85.9385,0.09000000000000001,0.03484540011886805
2024-06-28,2024-07-31,equal,001800,84.8042,0.09000000000000001,-0.01840894272781557
2024-06-28,2024-07-31,equal,377740,83.5394,0.09000000000000001,0.0012195225122284548
2024-06-28,2024-07-31,equal,042700,83.1307,0.09000000000000001,-0.23853744122294185
2024-06-28,2024-07-31,equal,383800,83.1288,0.09000000000000001,0.020000050889598553
2024-06-28,2024-07-31,equal,057050,80.8562,0.09000000000000001,-0.04687494640774059
2024-06-28,2024-07-31,equal,000220,80.6667,0.09000000000000001,0.08189666231527593
2024-06-28,2024-07-31,equal,226320,80.3016,0.09000000000000001,-0.11520108549131125
2024-06-28,2024-07-31,equal,192080,80.0596,0.09000000000000001,0.008676813459554955
2024-06-28,2024-07-31,fa_direct,004970,86.4292,0.09384788580003568,-0.10101002575065543
2024-06-28,2024-07-31,fa_direct,000240,85.9385,0.09331506636445053,0.03484540011886805
2024-06-28,2024-07-31,fa_direct,001800,84.8042,0.09208340325912291,-0.01840894272781557
2024-06-28,2024-07-31,fa_direct,377740,83.5394,0.09071003863281739,0.0012195225122284548
2024-06-28,2024-07-31,fa_direct,042700,83.1307,0.09026625770083521,-0.23853744122294185
2024-06-28,2024-07-31,fa_direct,383800,83.1288,0.09026419461355661,0.020000050889598553
2024-06-28,2024-07-31,fa_direct,057050,80.8562,0.08779652506126223,-0.04687494640774059
2024-06-28,2024-07-31,fa_direct,000220,80.6667,0.08759075925110657,0.08189666231527593
2024-06-28,2024-07-31,fa_direct,226320,80.3016,0.08719432074299131,-0.11520108549131125
2024-06-28,2024-07-31,fa_direct,192080,80.0596,0.08693154857382154,0.008676813459554955
2024-06-28,2024-07-31,fa_excess,004970,86.4292,0.0996983167956445,-0.10101002575065543
2024-06-28,2024-07-31,fa_excess,000240,85.9385,0.09835538409188978,0.03484540011886805
2024-06-28,2024-07-31,fa_excess,001800,84.8042,0.09525106665584122,-0.01840894272781557
2024-06-28,2024-07-31,fa_excess,377740,83.5394,0.09178960082395003,0.0012195225122284548
2024-06-28,2024-07-31,fa_excess,042700,83.1307,0.09067108320417304,-0.23853744122294185
2024-06-28,2024-07-31,fa_excess,383800,83.1288,0.0906658833424711,0.020000050889598553
2024-06-28,2024-07-31,fa_excess,057050,80.8562,0.08444630139310681,-0.04687494640774059
2024-06-28,2024-07-31,fa_excess,000220,80.6667,0.08392768360757284,0.08189666231527593
2024-06-28,2024-07-31,fa_excess,226320,80.3016,0.08292848913000839,-0.11520108549131125
2024-06-28,2024-07-31,fa_excess,192080,80.0596,0.08226619095534232,0.008676813459554955
2024-07-31,2024-08-30,equal,004970,86.4292,0.09000000000000001,-0.11891387370104212
2024-07-31,2024-08-30,equal,000240,85.9385,0.09000000000000001,0.09771662757414656
2024-07-31,2024-08-30,equal,001800,84.8042,0.09000000000000001,0.04688550476193298
2024-07-31,2024-08-30,equal,377740,83.5394,0.09000000000000001,0.13641899295487625
2024-07-31,2024-08-30,equal,042700,83.1307,0.09000000000000001,-0.12728660780930723
2024-07-31,2024-08-30,equal,383800,83.1288,0.09000000000000001,-0.015406164113169751
2024-07-31,2024-08-30,equal,057050,80.8562,0.09000000000000001,-0.018442677632697024
2024-07-31,2024-08-30,equal,000220,80.6667,0.09000000000000001,-0.00796812681968928
2024-07-31,2024-08-30,equal,226320,80.3016,0.09000000000000001,-0.07087826374536288
2024-07-31,2024-08-30,equal,192080,80.0596,0.09000000000000001,0.05806449853158968
2024-07-31,2024-08-30,fa_direct,004970,86.4292,0.09384788580003568,-0.11891387370104212
2024-07-31,2024-08-30,fa_direct,000240,85.9385,0.09331506636445053,0.09771662757414656
2024-07-31,2024-08-30,fa_direct,001800,84.8042,0.09208340325912291,0.04688550476193298
2024-07-31,2024-08-30,fa_direct,377740,83.5394,0.09071003863281739,0.13641899295487625
2024-07-31,2024-08-30,fa_direct,042700,83.1307,0.09026625770083521,-0.12728660780930723
2024-07-31,2024-08-30,fa_direct,383800,83.1288,0.09026419461355661,-0.015406164113169751
2024-07-31,2024-08-30,fa_direct,057050,80.8562,0.08779652506126223,-0.018442677632697024
2024-07-31,2024-08-30,fa_direct,000220,80.6667,0.08759075925110657,-0.00796812681968928
2024-07-31,2024-08-30,fa_direct,226320,80.3016,0.08719432074299131,-0.07087826374536288
2024-07-31,2024-08-30,fa_direct,192080,80.0596,0.08693154857382154,0.05806449853158968
2024-07-31,2024-08-30,fa_excess,004970,86.4292,0.0996983167956445,-0.11891387370104212
2024-07-31,2024-08-30,fa_excess,000240,85.9385,0.09835538409188978,0.09771662757414656
2024-07-31,2024-08-30,fa_excess,001800,84.8042,0.09525106665584122,0.04688550476193298
2024-07-31,2024-08-30,fa_excess,377740,83.5394,0.09178960082395003,0.13641899295487625
2024-07-31,2024-08-30,fa_excess,042700,83.1307,0.09067108320417304,-0.12728660780930723
2024-07-31,2024-08-30,fa_excess,383800,83.1288,0.0906658833424711,-0.015406164113169751
2024-07-31,2024-08-30,fa_excess,057050,80.8562,0.08444630139310681,-0.018442677632697024
2024-07-31,2024-08-30,fa_excess,000220,80.6667,0.08392768360757284,-0.00796812681968928
2024-07-31,2024-08-30,fa_excess,226320,80.3016,0.08292848913000839,-0.07087826374536288
2024-07-31,2024-08-30,fa_excess,192080,80.0596,0.08226619095534232,0.05806449853158968
2024-08-30,2024-09-30,equal,244920,89.7196,0.09000000000000001,0.019230759324621927
2024-08-30,2024-09-30,equal,014440,85.6789,0.09000000000000001,0.0
2024-08-30,2024-09-30,equal,011200,84.5623,0.09000000000000001,0.09192695394942385
2024-08-30,2024-09-30,equal,192080,83.2868,0.09000000000000001,0.016260207222423828
2024-08-30,2024-09-30,equal,126720,82.1597,0.09000000000000001,-0.07829975445118131
2024-08-30,2024-09-30,equal,000660,81.4903,0.09000000000000001,0.006851140279966472
2024-08-30,2024-09-30,equal,000240,80.9364,0.09000000000000001,0.002345981846442191
2024-08-30,2024-09-30,equal,259960,80.7605,0.09000000000000001,0.04740059688419751
2024-08-30,2024-09-30,equal,268280,79.7548,0.09000000000000001,-0.009537652286122578
2024-08-30,2024-09-30,equal,005930,79.7082,0.09000000000000001,-0.16763028899180576
2024-08-30,2024-09-30,fa_direct,244920,89.7196,0.09751453250529099,0.019230759324621927
2024-08-30,2024-09-30,fa_direct,014440,85.6789,0.09312277227124927,0.0
2024-08-30,2024-09-30,fa_direct,011200,84.5623,0.09190916089764296,0.09192695394942385
2024-08-30,2024-09-30,fa_direct,192080,83.2868,0.09052284412616272,0.016260207222423828
2024-08-30,2024-09-30,fa_direct,126720,82.1597,0.08929782050159558,-0.07829975445118131
2024-08-30,2024-09-30,fa_direct,000660,81.4903,0.08857026233081638,0.006851140279966472
2024-08-30,2024-09-30,fa_direct,000240,80.9364,0.08796823892060636,0.002345981846442191
2024-08-30,2024-09-30,fa_direct,259960,80.7605,0.08777705654498628,0.04740059688419751
2024-08-30,2024-09-30,fa_direct,268280,79.7548,0.08668398027914728,-0.009537652286122578
2024-08-30,2024-09-30,fa_direct,005930,79.7082,0.08663333162250206,-0.16763028899180576
2024-08-30,2024-09-30,fa_excess,244920,89.7196,0.10896760476440867,0.019230759324621927
2024-08-30,2024-09-30,fa_excess,014440,85.6789,0.097882261493793,0.0
2024-08-30,2024-09-30,fa_excess,011200,84.5623,0.09481895704259159,0.09192695394942385
2024-08-30,2024-09-30,fa_excess,192080,83.2868,0.09131972291442811,0.016260207222423828
2024-08-30,2024-09-30,fa_excess,126720,82.1597,0.08822761253743629,-0.07829975445118131
2024-08-30,2024-09-30,fa_excess,000660,81.4903,0.0863911661827576,0.006851140279966472
2024-08-30,2024-09-30,fa_excess,000240,80.9364,0.08487158501177386,0.002345981846442191
2024-08-30,2024-09-30,fa_excess,259960,80.7605,0.08438901716924622,0.04740059688419751
2024-08-30,2024-09-30,fa_excess,268280,79.7548,0.08162995816282206,-0.009537652286122578
2024-08-30,2024-09-30,fa_excess,005930,79.7082,0.08150211472074258,-0.16763028899180576
2024-09-30,2024-10-31,equal,244920,89.7196,0.09000000000000001,0.014150920967746616
2024-09-30,2024-10-31,equal,014440,85.6789,0.09000000000000001,-0.011644872111883808
2024-09-30,2024-10-31,equal,011200,84.5623,0.09000000000000001,-0.07609281375245347
2024-09-30,2024-10-31,equal,192080,83.2868,0.09000000000000001,0.06400000915376847
2024-09-30,2024-10-31,equal,126720,82.1597,0.09000000000000001,0.08737857644841895
2024-09-30,2024-10-31,equal,000660,81.4903,0.09000000000000001,0.067010284524466
2024-09-30,2024-10-31,equal,000240,80.9364,0.09000000000000001,-0.019894613265718064
2024-09-30,2024-10-31,equal,259960,80.7605,0.09000000000000001,-0.03357663830587965
2024-09-30,2024-10-31,equal,268280,79.7548,0.09000000000000001,0.051110958973841436
2024-09-30,2024-10-31,equal,005930,79.7082,0.09000000000000001,-0.0373982838367668
2024-09-30,2024-10-31,fa_direct,244920,89.7196,0.09751453250529099,0.014150920967746616
2024-09-30,2024-10-31,fa_direct,014440,85.6789,0.09312277227124927,-0.011644872111883808
2024-09-30,2024-10-31,fa_direct,011200,84.5623,0.09190916089764296,-0.07609281375245347
2024-09-30,2024-10-31,fa_direct,192080,83.2868,0.09052284412616272,0.06400000915376847
2024-09-30,2024-10-31,fa_direct,126720,82.1597,0.08929782050159558,0.08737857644841895
2024-09-30,2024-10-31,fa_direct,000660,81.4903,0.08857026233081638,0.067010284524466
2024-09-30,2024-10-31,fa_direct,000240,80.9364,0.08796823892060636,-0.019894613265718064
2024-09-30,2024-10-31,fa_direct,259960,80.7605,0.08777705654498628,-0.03357663830587965
2024-09-30,2024-10-31,fa_direct,268280,79.7548,0.08668398027914728,0.051110958973841436
2024-09-30,2024-10-31,fa_direct,005930,79.7082,0.08663333162250206,-0.0373982838367668
2024-09-30,2024-10-31,fa_excess,244920,89.7196,0.10896760476440867,0.014150920967746616
2024-09-30,2024-10-31,fa_excess,014440,85.6789,0.097882261493793,-0.011644872111883808
2024-09-30,2024-10-31,fa_excess,011200,84.5623,0.09481895704259159,-0.07609281375245347
2024-09-30,2024-10-31,fa_excess,192080,83.2868,0.09131972291442811,0.06400000915376847
2024-09-30,2024-10-31,fa_excess,126720,82.1597,0.08822761253743629,0.08737857644841895
2024-09-30,2024-10-31,fa_excess,000660,81.4903,0.0863911661827576,0.067010284524466
2024-09-30,2024-10-31,fa_excess,000240,80.9364,0.08487158501177386,-0.019894613265718064
2024-09-30,2024-10-31,fa_excess,259960,80.7605,0.08438901716924622,-0.03357663830587965
2024-09-30,2024-10-31,fa_excess,268280,79.7548,0.08162995816282206,0.051110958973841436
2024-09-30,2024-10-31,fa_excess,005930,79.7082,0.08150211472074258,-0.0373982838367668
2024-10-31,2024-11-29,equal,244920,89.7196,0.09000000000000001,0.10697680069140847
2024-10-31,2024-11-29,equal,014440,85.6789,0.09000000000000001,0.010309356343976672
2024-10-31,2024-11-29,equal,011200,84.5623,0.09000000000000001,0.04906547383530335
2024-10-31,2024-11-29,equal,192080,83.2868,0.09000000000000001,-0.03571430493571082
2024-10-31,2024-11-29,equal,126720,82.1597,0.09000000000000001,-0.020089248680779326
2024-10-31,2024-11-29,equal,000660,81.4903,0.09000000000000001,-0.1417070233184441
2024-10-31,2024-11-29,equal,000240,80.9364,0.09000000000000001,0.028656632869704657
2024-10-31,2024-11-29,equal,259960,80.7605,0.09000000000000001,-0.057401813839427995
2024-10-31,2024-11-29,equal,268280,79.7548,0.09000000000000001,-0.0063424990515255075
2024-10-31,2024-11-29,equal,005930,79.7082,0.09000000000000001,-0.08445943716495996
2024-10-31,2024-11-29,fa_direct,244920,89.7196,0.09751453250529099,0.10697680069140847
2024-10-31,2024-11-29,fa_direct,014440,85.6789,0.09312277227124927,0.010309356343976672
2024-10-31,2024-11-29,fa_direct,011200,84.5623,0.09190916089764296,0.04906547383530335
2024-10-31,2024-11-29,fa_direct,192080,83.2868,0.09052284412616272,-0.03571430493571082
2024-10-31,2024-11-29,fa_direct,126720,82.1597,0.08929782050159558,-0.020089248680779326
2024-10-31,2024-11-29,fa_direct,000660,81.4903,0.08857026233081638,-0.1417070233184441
2024-10-31,2024-11-29,fa_direct,000240,80.9364,0.08796823892060636,0.028656632869704657
2024-10-31,2024-11-29,fa_direct,259960,80.7605,0.08777705654498628,-0.057401813839427995
2024-10-31,2024-11-29,fa_direct,268280,79.7548,0.08668398027914728,-0.0063424990515255075
2024-10-31,2024-11-29,fa_direct,005930,79.7082,0.08663333162250206,-0.08445943716495996
2024-10-31,2024-11-29,fa_excess,244920,89.7196,0.10896760476440867,0.10697680069140847
2024-10-31,2024-11-29,fa_excess,014440,85.6789,0.097882261493793,0.010309356343976672
2024-10-31,2024-11-29,fa_excess,011200,84.5623,0.09481895704259159,0.04906547383530335
2024-10-31,2024-11-29,fa_excess,192080,83.2868,0.09131972291442811,-0.03571430493571082
2024-10-31,2024-11-29,fa_excess,126720,82.1597,0.08822761253743629,-0.020089248680779326
2024-10-31,2024-11-29,fa_excess,000660,81.4903,0.0863911661827576,-0.1417070233184441
2024-10-31,2024-11-29,fa_excess,000240,80.9364,0.08487158501177386,0.028656632869704657
2024-10-31,2024-11-29,fa_excess,259960,80.7605,0.08438901716924622,-0.057401813839427995
2024-10-31,2024-11-29,fa_excess,268280,79.7548,0.08162995816282206,-0.0063424990515255075
2024-10-31,2024-11-29,fa_excess,005930,79.7082,0.08150211472074258,-0.08445943716495996
2024-11-29,2024-12-30,equal,244920,89.7196,0.09000000000000001,-0.03141712395455887
2024-11-29,2024-12-30,equal,011200,89.4136,0.09000000000000001,-0.01670384473667308
2024-11-29,2024-12-30,equal,383800,87.4622,0.09000000000000001,0.0014598193467239007
2024-11-29,2024-12-30,equal,014440,87.1959,0.09000000000000001,0.15036692033128385
2024-11-29,2024-12-30,equal,021820,86.8806,0.09000000000000001,0.03571428313304703
2024-11-29,2024-12-30,equal,402340,84.316,0.09000000000000001,0.07891156275020639
2024-11-29,2024-12-30,equal,000660,83.214,0.09000000000000001,0.08755478097750191
2024-11-29,2024-12-30,equal,126720,82.1597,0.09000000000000001,-0.1157175772550475
2024-11-29,2024-12-30,equal,259960,81.6045,0.09000000000000001,0.0016025375548338605
2024-11-29,2024-12-30,equal,005930,81.1296,0.09000000000000001,-0.011757417611297893
2024-11-29,2024-12-30,fa_direct,244920,89.7196,0.0946524991275891,-0.03141712395455887
2024-11-29,2024-12-30,fa_direct,011200,89.4136,0.09432967485359499,-0.01670384473667308
2024-11-29,2024-12-30,fa_direct,383800,87.4622,0.09227098436904557,0.0014598193467239007
2024-11-29,2024-12-30,fa_direct,014440,87.1959,0.09199004285216769,0.15036692033128385
2024-11-29,2024-12-30,fa_direct,021820,86.8806,0.09165740725219926,0.03571428313304703
2024-11-29,2024-12-30,fa_direct,402340,84.316,0.08895180224211657,0.07891156275020639
2024-11-29,2024-12-30,fa_direct,000660,83.214,0.08778921286322273,0.08755478097750191
2024-11-29,2024-12-30,fa_direct,126720,82.1597,0.08667694609174563,-0.1157175772550475
2024-11-29,2024-12-30,fa_direct,259960,81.6045,0.08609122048089096,0.0016025375548338605
2024-11-29,2024-12-30,fa_direct,005930,81.1296,0.08559020986742755,-0.011757417611297893
2024-11-29,2024-12-30,fa_excess,244920,89.7196,0.10124065515382942,-0.03141712395455887
2024-11-29,2024-12-30,fa_excess,011200,89.4136,0.1004606966326693,-0.01670384473667308
2024-11-29,2024-12-30,fa_excess,383800,87.4622,0.09548680428563702,0.0014598193467239007
2024-11-29,2024-12-30,fa_excess,014440,87.1959,0.09480803646150321,0.15036692033128385
2024-11-29,2024-12-30,fa_excess,021820,86.8806,0.09400437331862156,0.03571428313304703
2024-11-29,2024-12-30,fa_excess,402340,84.316,0.08746750526840176,0.07891156275020639
2024-11-29,2024-12-30,fa_excess,000660,83.214,0.08465863503860287,0.08755478097750191
2024-11-29,2024-12-30,fa_excess,126720,82.1597,0.08197134657827893,-0.1157175772550475
2024-11-29,2024-12-30,fa_excess,259960,81.6045,0.08055620615034396,0.0016025375548338605
2024-11-29,2024-12-30,fa_excess,005930,81.1296,0.07934574111211211,-0.011757417611297893
2024-12-30,2025-01-31,equal,244920,89.7196,0.09000000000000001,-0.07029476690656367
2024-12-30,2025-01-31,equal,011200,89.4136,0.09000000000000001,0.07814273886959078
2024-12-30,2025-01-31,equal,383800,87.4622,0.09000000000000001,-0.005830918529114881
2024-12-30,2025-01-31,equal,014440,87.1959,0.09000000000000001,0.14747194064055047
2024-12-30,2025-01-31,equal,021820,86.8806,0.09000000000000001,0.09655171754072223
2024-12-30,2025-01-31,equal,402340,84.316,0.09000000000000001,0.18663298734175005
2024-12-30,2025-01-31,equal,000660,83.214,0.09000000000000001,0.1454859461272533
2024-12-30,2025-01-31,equal,126720,82.1597,0.09000000000000001,0.10510059496069957
2024-12-30,2025-01-31,equal,259960,81.6045,0.09000000000000001,0.1647999972569001
2024-12-30,2025-01-31,equal,005930,81.1296,0.09000000000000001,-0.015037681587767748
2024-12-30,2025-01-31,fa_direct,244920,89.7196,0.0946524991275891,-0.07029476690656367
2024-12-30,2025-01-31,fa_direct,011200,89.4136,0.09432967485359499,0.07814273886959078
2024-12-30,2025-01-31,fa_direct,383800,87.4622,0.09227098436904557,-0.005830918529114881
2024-12-30,2025-01-31,fa_direct,014440,87.1959,0.09199004285216769,0.14747194064055047
2024-12-30,2025-01-31,fa_direct,021820,86.8806,0.09165740725219926,0.09655171754072223
2024-12-30,2025-01-31,fa_direct,402340,84.316,0.08895180224211657,0.18663298734175005
2024-12-30,2025-01-31,fa_direct,000660,83.214,0.08778921286322273,0.1454859461272533
2024-12-30,2025-01-31,fa_direct,126720,82.1597,0.08667694609174563,0.10510059496069957
2024-12-30,2025-01-31,fa_direct,259960,81.6045,0.08609122048089096,0.1647999972569001
2024-12-30,2025-01-31,fa_direct,005930,81.1296,0.08559020986742755,-0.015037681587767748
2024-12-30,2025-01-31,fa_excess,244920,89.7196,0.10124065515382942,-0.07029476690656367
2024-12-30,2025-01-31,fa_excess,011200,89.4136,0.1004606966326693,0.07814273886959078
2024-12-30,2025-01-31,fa_excess,383800,87.4622,0.09548680428563702,-0.005830918529114881
2024-12-30,2025-01-31,fa_excess,014440,87.1959,0.09480803646150321,0.14747194064055047
2024-12-30,2025-01-31,fa_excess,021820,86.8806,0.09400437331862156,0.09655171754072223
2024-12-30,2025-01-31,fa_excess,402340,84.316,0.08746750526840176,0.18663298734175005
2024-12-30,2025-01-31,fa_excess,000660,83.214,0.08465863503860287,0.1454859461272533
2024-12-30,2025-01-31,fa_excess,126720,82.1597,0.08197134657827893,0.10510059496069957
2024-12-30,2025-01-31,fa_excess,259960,81.6045,0.08055620615034396,0.1647999972569001
2024-12-30,2025-01-31,fa_excess,005930,81.1296,0.07934574111211211,-0.015037681587767748
2025-01-31,2025-02-28,equal,244920,89.7196,0.09000000000000001,0.0036584879830368067
2025-01-31,2025-02-28,equal,011200,89.4136,0.09000000000000001,0.06070773398557927
2025-01-31,2025-02-28,equal,383800,87.4622,0.09000000000000001,0.011601959168350717
2025-01-31,2025-02-28,equal,014440,87.1959,0.09000000000000001,0.12239903717812117
2025-01-31,2025-02-28,equal,021820,86.8806,0.09000000000000001,-0.0188679233251674
2025-01-31,2025-02-28,equal,402340,84.316,0.09000000000000001,-0.042507962563590906
2025-01-31,2025-02-28,equal,000660,83.214,0.09000000000000001,-0.03900765066589218
2025-01-31,2025-02-28,equal,126720,82.1597,0.09000000000000001,-0.04662008588970423
2025-01-31,2025-02-28,equal,259960,81.6045,0.09000000000000001,-0.056318615788467974
2025-01-31,2025-02-28,equal,005930,81.1296,0.09000000000000001,0.04007639166081911
2025-01-31,2025-02-28,fa_direct,244920,89.7196,0.0946524991275891,0.0036584879830368067
2025-01-31,2025-02-28,fa_direct,011200,89.4136,0.09432967485359499,0.06070773398557927
2025-01-31,2025-02-28,fa_direct,383800,87.4622,0.09227098436904557,0.011601959168350717
2025-01-31,2025-02-28,fa_direct,014440,87.1959,0.09199004285216769,0.12239903717812117
2025-01-31,2025-02-28,fa_direct,021820,86.8806,0.09165740725219926,-0.0188679233251674
2025-01-31,2025-02-28,fa_direct,402340,84.316,0.08895180224211657,-0.042507962563590906
2025-01-31,2025-02-28,fa_direct,000660,83.214,0.08778921286322273,-0.03900765066589218
2025-01-31,2025-02-28,fa_direct,126720,82.1597,0.08667694609174563,-0.04662008588970423
2025-01-31,2025-02-28,fa_direct,259960,81.6045,0.08609122048089096,-0.056318615788467974
2025-01-31,2025-02-28,fa_direct,005930,81.1296,0.08559020986742755,0.04007639166081911
2025-01-31,2025-02-28,fa_excess,244920,89.7196,0.10124065515382942,0.0036584879830368067
2025-01-31,2025-02-28,fa_excess,011200,89.4136,0.1004606966326693,0.06070773398557927
2025-01-31,2025-02-28,fa_excess,383800,87.4622,0.09548680428563702,0.011601959168350717
2025-01-31,2025-02-28,fa_excess,014440,87.1959,0.09480803646150321,0.12239903717812117
2025-01-31,2025-02-28,fa_excess,021820,86.8806,0.09400437331862156,-0.0188679233251674
2025-01-31,2025-02-28,fa_excess,402340,84.316,0.08746750526840176,-0.042507962563590906
2025-01-31,2025-02-28,fa_excess,000660,83.214,0.08465863503860287,-0.03900765066589218
2025-01-31,2025-02-28,fa_excess,126720,82.1597,0.08197134657827893,-0.04662008588970423
2025-01-31,2025-02-28,fa_excess,259960,81.6045,0.08055620615034396,-0.056318615788467974
2025-01-31,2025-02-28,fa_excess,005930,81.1296,0.07934574111211211,0.04007639166081911
2025-02-28,2025-03-31,equal,244920,89.7196,0.09000000000000001,-0.029161585522804567
2025-02-28,2025-03-31,equal,011200,89.4136,0.09000000000000001,-0.0015314456208119775
2025-02-28,2025-03-31,equal,383800,87.4622,0.09000000000000001,-0.028744322997108274
2025-02-28,2025-03-31,equal,014440,87.1959,0.09000000000000001,-0.062159264340787335
2025-02-28,2025-03-31,equal,021820,86.8806,0.09000000000000001,-0.007692319877630194
2025-02-28,2025-03-31,equal,402340,84.316,0.09000000000000001,0.03662598810291362
2025-02-28,2025-03-31,equal,000660,83.214,0.09000000000000001,0.002628779971389106
2025-02-28,2025-03-31,equal,126720,82.1597,0.09000000000000001,-0.031826020431078184
2025-02-28,2025-03-31,equal,259960,81.6045,0.09000000000000001,-0.026200897000542067
2025-02-28,2025-03-31,equal,005930,81.1296,0.09000000000000001,0.06685140710996351
2025-02-28,2025-03-31,fa_direct,244920,89.7196,0.0946524991275891,-0.029161585522804567
2025-02-28,2025-03-31,fa_direct,011200,89.4136,0.09432967485359499,-0.0015314456208119775
2025-02-28,2025-03-31,fa_direct,383800,87.4622,0.09227098436904557,-0.028744322997108274
2025-02-28,2025-03-31,fa_direct,014440,87.1959,0.09199004285216769,-0.062159264340787335
2025-02-28,2025-03-31,fa_direct,021820,86.8806,0.09165740725219926,-0.007692319877630194
2025-02-28,2025-03-31,fa_direct,402340,84.316,0.08895180224211657,0.03662598810291362
2025-02-28,2025-03-31,fa_direct,000660,83.214,0.08778921286322273,0.002628779971389106
2025-02-28,2025-03-31,fa_direct,126720,82.1597,0.08667694609174563,-0.031826020431078184
2025-02-28,2025-03-31,fa_direct,259960,81.6045,0.08609122048089096,-0.026200897000542067
2025-02-28,2025-03-31,fa_direct,005930,81.1296,0.08559020986742755,0.06685140710996351
2025-02-28,2025-03-31,fa_excess,244920,89.7196,0.10124065515382942,-0.029161585522804567
2025-02-28,2025-03-31,fa_excess,011200,89.4136,0.1004606966326693,-0.0015314456208119775
2025-02-28,2025-03-31,fa_excess,383800,87.4622,0.09548680428563702,-0.028744322997108274
2025-02-28,2025-03-31,fa_excess,014440,87.1959,0.09480803646150321,-0.062159264340787335
2025-02-28,2025-03-31,fa_excess,021820,86.8806,0.09400437331862156,-0.007692319877630194
2025-02-28,2025-03-31,fa_excess,402340,84.316,0.08746750526840176,0.03662598810291362
2025-02-28,2025-03-31,fa_excess,000660,83.214,0.08465863503860287,0.002628779971389106
2025-02-28,2025-03-31,fa_excess,126720,82.1597,0.08197134657827893,-0.031826020431078184
2025-02-28,2025-03-31,fa_excess,259960,81.6045,0.08055620615034396,-0.026200897000542067
2025-02-28,2025-03-31,fa_excess,005930,81.1296,0.07934574111211211,0.06685140710996351
2025-03-31,2025-04-30,equal,021820,86.8806,0.09000000000000001,0.09043927171849697
2025-03-31,2025-04-30,equal,011200,85.8409,0.09000000000000001,-0.06646213330707063
2025-03-31,2025-04-30,equal,023590,84.4001,0.09000000000000001,0.09929080788017752
2025-03-31,2025-04-30,equal,042700,83.7166,0.09000000000000001,0.11583570770971008
2025-03-31,2025-04-30,equal,000660,83.5682,0.09000000000000001,-0.06921860759626175
2025-03-31,2025-04-30,equal,244920,82.7019,0.09000000000000001,0.18022522801674667
2025-03-31,2025-04-30,equal,068270,82.1606,0.09000000000000001,-0.045562058548838436
2025-03-31,2025-04-30,equal,126720,82.1597,0.09000000000000001,0.04315790848112755
2025-03-31,2025-04-30,equal,029460,81.5122,0.09000000000000001,0.06773828706297702
2025-03-31,2025-04-30,equal,001800,80.9538,0.09000000000000001,0.14098568215701013
2025-03-31,2025-04-30,fa_direct,021820,86.8806,0.09376789344840464,0.09043927171849697
2025-03-31,2025-04-30,fa_direct,011200,85.8409,0.09264577321882167,-0.06646213330707063
2025-03-31,2025-04-30,fa_direct,023590,84.4001,0.09109075655364599,0.09929080788017752
2025-03-31,2025-04-30,fa_direct,042700,83.7166,0.09035307339800498,0.11583570770971008
2025-03-31,2025-04-30,fa_direct,000660,83.5682,0.09019290927174729,-0.06921860759626175
2025-03-31,2025-04-30,fa_direct,244920,82.7019,0.08925793499562175,0.18022522801674667
2025-03-31,2025-04-30,fa_direct,068270,82.1606,0.08867372447309288,-0.045562058548838436
2025-03-31,2025-04-30,fa_direct,126720,82.1597,0.0886727531273137,0.04315790848112755
2025-03-31,2025-04-30,fa_direct,029460,81.5122,0.08797392380284033,0.06773828706297702
2025-03-31,2025-04-30,fa_direct,001800,80.9538,0.08737125771050683,0.14098568215701013
2025-03-31,2025-04-30,fa_excess,021820,86.8806,0.09941023304959111,0.09043927171849697
2025-03-31,2025-04-30,fa_excess,011200,85.8409,0.09660776185059598,-0.06646213330707063
2025-03-31,2025-04-30,fa_excess,023590,84.4001,0.09272414109123057,0.09929080788017752
2025-03-31,2025-04-30,fa_excess,042700,83.7166,0.09088179323654831,0.11583570770971008
2025-03-31,2025-04-30,fa_excess,000660,83.5682,0.09048178676744101,-0.06921860759626175
2025-03-31,2025-04-30,fa_excess,244920,82.7019,0.08814670857210628,0.18022522801674667
2025-03-31,2025-04-30,fa_excess,068270,82.1606,0.08668765532596216,-0.045562058548838436
2025-03-31,2025-04-30,fa_excess,126720,82.1597,0.08668522941071824,0.04315790848112755
2025-03-31,2025-04-30,fa_excess,029460,81.5122,0.08493991816579247,0.06773828706297702
2025-03-31,2025-04-30,fa_excess,001800,80.9538,0.08343477253001398,0.14098568215701013
2025-04-30,2025-05-30,equal,021820,86.8806,0.09000000000000001,0.09597163016424148
2025-04-30,2025-05-30,equal,011200,85.8409,0.09000000000000001,0.16648412437398963
2025-04-30,2025-05-30,equal,023590,84.4001,0.09000000000000001,0.23732716994204428
2025-04-30,2025-05-30,equal,042700,83.7166,0.09000000000000001,0.05650461057850342
2025-04-30,2025-05-30,equal,000660,83.5682,0.09000000000000001,0.1541933942431024
2025-04-30,2025-05-30,equal,244920,82.7019,0.09000000000000001,0.2767762801196043
2025-04-30,2025-05-30,equal,068270,82.1606,0.09000000000000001,-0.00185997777161917
2025-04-30,2025-05-30,equal,126720,82.1597,0.09000000000000001,0.3143289548217605
2025-04-30,2025-05-30,equal,029460,81.5122,0.09000000000000001,0.19623654113061018
2025-04-30,2025-05-30,equal,001800,80.9538,0.09000000000000001,0.03335156006742679
2025-04-30,2025-05-30,fa_direct,021820,86.8806,0.09376789344840464,0.09597163016424148
2025-04-30,2025-05-30,fa_direct,011200,85.8409,0.09264577321882167,0.16648412437398963
2025-04-30,2025-05-30,fa_direct,023590,84.4001,0.09109075655364599,0.23732716994204428
2025-04-30,2025-05-30,fa_direct,042700,83.7166,0.09035307339800498,0.05650461057850342
2025-04-30,2025-05-30,fa_direct,000660,83.5682,0.09019290927174729,0.1541933942431024
2025-04-30,2025-05-30,fa_direct,244920,82.7019,0.08925793499562175,0.2767762801196043
2025-04-30,2025-05-30,fa_direct,068270,82.1606,0.08867372447309288,-0.00185997777161917
2025-04-30,2025-05-30,fa_direct,126720,82.1597,0.0886727531273137,0.3143289548217605
2025-04-30,2025-05-30,fa_direct,029460,81.5122,0.08797392380284033,0.19623654113061018
2025-04-30,2025-05-30,fa_direct,001800,80.9538,0.08737125771050683,0.03335156006742679
2025-04-30,2025-05-30,fa_excess,021820,86.8806,0.09941023304959111,0.09597163016424148
2025-04-30,2025-05-30,fa_excess,011200,85.8409,0.09660776185059598,0.16648412437398963
2025-04-30,2025-05-30,fa_excess,023590,84.4001,0.09272414109123057,0.23732716994204428
2025-04-30,2025-05-30,fa_excess,042700,83.7166,0.09088179323654831,0.05650461057850342
2025-04-30,2025-05-30,fa_excess,000660,83.5682,0.09048178676744101,0.1541933942431024
2025-04-30,2025-05-30,fa_excess,244920,82.7019,0.08814670857210628,0.2767762801196043
2025-04-30,2025-05-30,fa_excess,068270,82.1606,0.08668765532596216,-0.00185997777161917
2025-04-30,2025-05-30,fa_excess,126720,82.1597,0.08668522941071824,0.3143289548217605
2025-04-30,2025-05-30,fa_excess,029460,81.5122,0.08493991816579247,0.19623654113061018
2025-04-30,2025-05-30,fa_excess,001800,80.9538,0.08343477253001398,0.03335156006742679
2025-05-30,2025-06-30,equal,036530,84.2081,0.09000000000000001,0.13573836831112307
2025-05-30,2025-06-30,equal,021820,84.1839,0.09000000000000001,0.3503012269144643
2025-05-30,2025-06-30,equal,259960,83.9227,0.09000000000000001,-0.016260149408586777
2025-05-30,2025-06-30,equal,100220,83.2943,0.09000000000000001,0.13908450484866375
2025-05-30,2025-06-30,equal,383800,83.0903,0.09000000000000001,0.16121216620323908
2025-05-30,2025-06-30,equal,000660,82.5054,0.09000000000000001,0.42787309812725405
2025-05-30,2025-06-30,equal,100840,81.0934,0.09000000000000001,0.033286872071664364
2025-05-30,2025-06-30,equal,011200,81.0462,0.09000000000000001,0.056338054768080514
2025-05-30,2025-06-30,equal,002790,80.9522,0.09000000000000001,0.21183207144436045
2025-05-30,2025-06-30,equal,003550,80.5296,0.09000000000000001,0.1211267579824884
2025-05-30,2025-06-30,fa_direct,036530,84.2081,0.09188274958806471,0.13573836831112307
2025-05-30,2025-06-30,fa_direct,021820,84.1839,0.09185634402209145,0.3503012269144643
2025-05-30,2025-06-30,fa_direct,259960,83.9227,0.09157133849183484,-0.016260149408586777
2025-05-30,2025-06-30,fa_direct,100220,83.2943,0.09088566668780246,0.13908450484866375
2025-05-30,2025-06-30,fa_direct,383800,83.0903,0.09066307431348257,0.16121216620323908
2025-05-30,2025-06-30,fa_direct,000660,82.5054,0.09002486705985663,0.42787309812725405
2025-05-30,2025-06-30,fa_direct,100840,81.0934,0.08848417866505438,0.033286872071664364
2025-05-30,2025-06-30,fa_direct,011200,81.0462,0.08843267690001566,0.056338054768080514
2025-05-30,2025-06-30,fa_direct,002790,80.9522,0.08833010982557417,0.21183207144436045
2025-05-30,2025-06-30,fa_direct,003550,80.5296,0.08786899444622329,0.1211267579824884
2025-05-30,2025-06-30,fa_excess,036530,84.2081,0.09478083811614893,0.13573836831112307
2025-05-30,2025-06-30,fa_excess,021820,84.1839,0.09471378685395046,0.3503012269144643
2025-05-30,2025-06-30,fa_excess,259960,83.9227,0.09399007653633747,-0.016260149408586777
2025-05-30,2025-06-30,fa_excess,100220,83.2943,0.09224896028982896,0.13908450484866375
2025-05-30,2025-06-30,fa_excess,383800,83.0903,0.09168373477377588,0.16121216620323908
2025-05-30,2025-06-30,fa_excess,000660,82.5054,0.09006314455642571,0.42787309812725405
2025-05-30,2025-06-30,fa_excess,100840,81.0934,0.08615089735707815,0.033286872071664364
2025-05-30,2025-06-30,fa_excess,011200,81.0462,0.08602011968865803,0.056338054768080514
2025-05-30,2025-06-30,fa_excess,002790,80.9522,0.0857596726371434,0.21183207144436045
2025-05-30,2025-06-30,fa_excess,003550,80.5296,0.0845887691906531,0.1211267579824884
2025-06-30,2025-07-31,equal,036530,84.2081,0.09000000000000001,-0.03620684314470213
2025-06-30,2025-07-31,equal,021820,84.1839,0.09000000000000001,-0.11328443357783213
2025-06-30,2025-07-31,equal,259960,83.9227,0.09000000000000001,-0.09504130904002983
2025-06-30,2025-07-31,equal,100220,83.2943,0.09000000000000001,-0.020092784371209427
2025-06-30,2025-07-31,equal,383800,83.0903,0.09000000000000001,-0.13048016837980747
2025-06-30,2025-07-31,equal,000660,82.5054,0.09000000000000001,-0.06335632319292706
2025-06-30,2025-07-31,equal,100840,81.0934,0.09000000000000001,0.18487396646016685
2025-06-30,2025-07-31,equal,011200,81.0462,0.09000000000000001,0.04222216654796118
2025-06-30,2025-07-31,equal,002790,80.9522,0.09000000000000001,-0.02204721298043444
2025-06-30,2025-07-31,equal,003550,80.5296,0.09000000000000001,-0.005025073434216321
2025-06-30,2025-07-31,fa_direct,036530,84.2081,0.09188274958806471,-0.03620684314470213
2025-06-30,2025-07-31,fa_direct,021820,84.1839,0.09185634402209145,-0.11328443357783213
2025-06-30,2025-07-31,fa_direct,259960,83.9227,0.09157133849183484,-0.09504130904002983
2025-06-30,2025-07-31,fa_direct,100220,83.2943,0.09088566668780246,-0.020092784371209427
2025-06-30,2025-07-31,fa_direct,383800,83.0903,0.09066307431348257,-0.13048016837980747
2025-06-30,2025-07-31,fa_direct,000660,82.5054,0.09002486705985663,-0.06335632319292706
2025-06-30,2025-07-31,fa_direct,100840,81.0934,0.08848417866505438,0.18487396646016685
2025-06-30,2025-07-31,fa_direct,011200,81.0462,0.08843267690001566,0.04222216654796118
2025-06-30,2025-07-31,fa_direct,002790,80.9522,0.08833010982557417,-0.02204721298043444
2025-06-30,2025-07-31,fa_direct,003550,80.5296,0.08786899444622329,-0.005025073434216321
2025-06-30,2025-07-31,fa_excess,036530,84.2081,0.09478083811614893,-0.03620684314470213
2025-06-30,2025-07-31,fa_excess,021820,84.1839,0.09471378685395046,-0.11328443357783213
2025-06-30,2025-07-31,fa_excess,259960,83.9227,0.09399007653633747,-0.09504130904002983
2025-06-30,2025-07-31,fa_excess,100220,83.2943,0.09224896028982896,-0.020092784371209427
2025-06-30,2025-07-31,fa_excess,383800,83.0903,0.09168373477377588,-0.13048016837980747
2025-06-30,2025-07-31,fa_excess,000660,82.5054,0.09006314455642571,-0.06335632319292706
2025-06-30,2025-07-31,fa_excess,100840,81.0934,0.08615089735707815,0.18487396646016685
2025-06-30,2025-07-31,fa_excess,011200,81.0462,0.08602011968865803,0.04222216654796118
2025-06-30,2025-07-31,fa_excess,002790,80.9522,0.0857596726371434,-0.02204721298043444
2025-06-30,2025-07-31,fa_excess,003550,80.5296,0.0845887691906531,-0.005025073434216321
2025-07-31,2025-08-29,equal,036530,84.2081,0.09000000000000001,0.16279066569417378
2025-07-31,2025-08-29,equal,021820,84.1839,0.09000000000000001,-0.0716911764705882
2025-07-31,2025-08-29,equal,259960,83.9227,0.09000000000000001,-0.003044185443668579
2025-07-31,2025-08-29,equal,100220,83.2943,0.09000000000000001,-0.15930600956069063
2025-07-31,2025-08-29,equal,383800,83.0903,0.09000000000000001,-0.05282114973883023
2025-07-31,2025-08-29,equal,000660,82.5054,0.09000000000000001,-0.015032736207198583
2025-07-31,2025-08-29,equal,100840,81.0934,0.09000000000000001,0.24417417781740647
2025-07-31,2025-08-29,equal,011200,81.0462,0.09000000000000001,-0.05756928228571434
2025-07-31,2025-08-29,equal,002790,80.9522,0.09000000000000001,-0.12399353916710032
2025-07-31,2025-08-29,equal,003550,80.5296,0.09000000000000001,-0.05934342890957178
2025-07-31,2025-08-29,fa_direct,036530,84.2081,0.09188274958806471,0.16279066569417378
2025-07-31,2025-08-29,fa_direct,021820,84.1839,0.09185634402209145,-0.0716911764705882
2025-07-31,2025-08-29,fa_direct,259960,83.9227,0.09157133849183484,-0.003044185443668579
2025-07-31,2025-08-29,fa_direct,100220,83.2943,0.09088566668780246,-0.15930600956069063
2025-07-31,2025-08-29,fa_direct,383800,83.0903,0.09066307431348257,-0.05282114973883023
2025-07-31,2025-08-29,fa_direct,000660,82.5054,0.09002486705985663,-0.015032736207198583
2025-07-31,2025-08-29,fa_direct,100840,81.0934,0.08848417866505438,0.24417417781740647
2025-07-31,2025-08-29,fa_direct,011200,81.0462,0.08843267690001566,-0.05756928228571434
2025-07-31,2025-08-29,fa_direct,002790,80.9522,0.08833010982557417,-0.12399353916710032
2025-07-31,2025-08-29,fa_direct,003550,80.5296,0.08786899444622329,-0.05934342890957178
2025-07-31,2025-08-29,fa_excess,036530,84.2081,0.09478083811614893,0.16279066569417378
2025-07-31,2025-08-29,fa_excess,021820,84.1839,0.09471378685395046,-0.0716911764705882
2025-07-31,2025-08-29,fa_excess,259960,83.9227,0.09399007653633747,-0.003044185443668579
2025-07-31,2025-08-29,fa_excess,100220,83.2943,0.09224896028982896,-0.15930600956069063
2025-07-31,2025-08-29,fa_excess,383800,83.0903,0.09168373477377588,-0.05282114973883023
2025-07-31,2025-08-29,fa_excess,000660,82.5054,0.09006314455642571,-0.015032736207198583
2025-07-31,2025-08-29,fa_excess,100840,81.0934,0.08615089735707815,0.24417417781740647
2025-07-31,2025-08-29,fa_excess,011200,81.0462,0.08602011968865803,-0.05756928228571434
2025-07-31,2025-08-29,fa_excess,002790,80.9522,0.0857596726371434,-0.12399353916710032
2025-07-31,2025-08-29,fa_excess,003550,80.5296,0.0845887691906531,-0.05934342890957178
2025-08-29,2025-09-30,equal,078000,86.3541,0.09000000000000001,0.07841774396304024
2025-08-29,2025-09-30,equal,118000,84.3984,0.09000000000000001,0.02515723270440251
2025-08-29,2025-09-30,equal,021820,84.1839,0.09000000000000001,0.10792079207920802
2025-08-29,2025-09-30,equal,259960,83.9227,0.09000000000000001,-0.10687019227854566
2025-08-29,2025-09-30,equal,100220,83.2943,0.09000000000000001,0.026266408118304163
2025-08-29,2025-09-30,equal,003000,83.2596,0.09000000000000001,0.061654163100806736
2025-08-29,2025-09-30,equal,377740,82.6887,0.09000000000000001,0.019332158727042525
2025-08-29,2025-09-30,equal,278470,81.7685,0.09000000000000001,0.1013215356400139
2025-08-29,2025-09-30,equal,039490,80.935,0.09000000000000001,0.19221407594137485
2025-08-29,2025-09-30,equal,326030,80.7828,0.09000000000000001,0.028397565922920975
2025-08-29,2025-09-30,fa_direct,078000,86.3541,0.09345816678451349,0.07841774396304024
2025-08-29,2025-09-30,fa_direct,118000,84.3984,0.09134157780054546,0.02515723270440251
2025-08-29,2025-09-30,fa_direct,021820,84.1839,0.0911094315935295,0.10792079207920802
2025-08-29,2025-09-30,fa_direct,259960,83.9227,0.09082674353165271,-0.10687019227854566
2025-08-29,2025-09-30,fa_direct,100220,83.2943,0.09014664713776535,0.026266408118304163
2025-08-29,2025-09-30,fa_direct,003000,83.2596,0.09010909248329703,0.061654163100806736
2025-08-29,2025-09-30,fa_direct,377740,82.6887,0.08949122642462373,0.019332158727042525
2025-08-29,2025-09-30,fa_direct,278470,81.7685,0.08849532460785871,0.1013215356400139
2025-08-29,2025-09-30,fa_direct,039490,80.935,0.0875932553139295,0.19221407594137485
2025-08-29,2025-09-30,fa_direct,326030,80.7828,0.08742853432228459,0.028397565922920975
2025-08-29,2025-09-30,fa_excess,078000,86.3541,0.09867272036382499,0.07841774396304024
2025-08-29,2025-09-30,fa_excess,118000,84.3984,0.09336453671423572,0.02515723270440251
2025-08-29,2025-09-30,fa_excess,021820,84.1839,0.09278233832346162,0.10792079207920802
2025-08-29,2025-09-30,fa_excess,259960,83.9227,0.09207338625040715,-0.10687019227854566
2025-08-29,2025-09-30,fa_excess,100220,83.2943,0.09036777567342608,0.026266408118304163
2025-08-29,2025-09-30,fa_excess,003000,83.2596,0.09027359253048965,0.061654163100806736
2025-08-29,2025-09-30,fa_excess,377740,82.6887,0.08872404912119859,0.019332158727042525
2025-08-29,2025-09-30,fa_excess,278470,81.7685,0.08622643159583579,0.1013215356400139
2025-08-29,2025-09-30,fa_excess,039490,80.935,0.08396413621723343,0.19221407594137485
2025-08-29,2025-09-30,fa_excess,326030,80.7828,0.08355103320988695,0.028397565922920975
2025-09-30,2025-10-31,equal,078000,86.3541,0.09000000000000001,0.011583013823971644
2025-09-30,2025-10-31,equal,118000,84.3984,0.09000000000000001,-0.006134969325153339
2025-09-30,2025-10-31,equal,021820,84.1839,0.09000000000000001,0.003574620196604039
2025-09-30,2025-10-31,equal,259960,83.9227,0.09000000000000001,-0.05641029011508125
2025-09-30,2025-10-31,equal,100220,83.2943,0.09000000000000001,0.04936019786434298
2025-09-30,2025-10-31,equal,003000,83.2596,0.09000000000000001,0.04674217711183326
2025-09-30,2025-10-31,equal,377740,82.6887,0.09000000000000001,-0.04999996046727606
2025-09-30,2025-10-31,equal,278470,81.7685,0.09000000000000001,0.019999993721197873
2025-09-30,2025-10-31,equal,039490,80.935,0.09000000000000001,0.2122448570776443
2025-09-30,2025-10-31,equal,326030,80.7828,0.09000000000000001,0.13905325443786976
2025-09-30,2025-10-31,fa_direct,078000,86.3541,0.09345816678451349,0.011583013823971644
2025-09-30,2025-10-31,fa_direct,118000,84.3984,0.09134157780054546,-0.006134969325153339
2025-09-30,2025-10-31,fa_direct,021820,84.1839,0.0911094315935295,0.003574620196604039
2025-09-30,2025-10-31,fa_direct,259960,83.9227,0.09082674353165271,-0.05641029011508125
2025-09-30,2025-10-31,fa_direct,100220,83.2943,0.09014664713776535,0.04936019786434298
2025-09-30,2025-10-31,fa_direct,003000,83.2596,0.09010909248329703,0.04674217711183326
2025-09-30,2025-10-31,fa_direct,377740,82.6887,0.08949122642462373,-0.04999996046727606
2025-09-30,2025-10-31,fa_direct,278470,81.7685,0.08849532460785871,0.019999993721197873
2025-09-30,2025-10-31,fa_direct,039490,80.935,0.0875932553139295,0.2122448570776443
2025-09-30,2025-10-31,fa_direct,326030,80.7828,0.08742853432228459,0.13905325443786976
2025-09-30,2025-10-31,fa_excess,078000,86.3541,0.09867272036382499,0.011583013823971644
2025-09-30,2025-10-31,fa_excess,118000,84.3984,0.09336453671423572,-0.006134969325153339
2025-09-30,2025-10-31,fa_excess,021820,84.1839,0.09278233832346162,0.003574620196604039
2025-09-30,2025-10-31,fa_excess,259960,83.9227,0.09207338625040715,-0.05641029011508125
2025-09-30,2025-10-31,fa_excess,100220,83.2943,0.09036777567342608,0.04936019786434298
2025-09-30,2025-10-31,fa_excess,003000,83.2596,0.09027359253048965,0.04674217711183326
2025-09-30,2025-10-31,fa_excess,377740,82.6887,0.08872404912119859,-0.04999996046727606
2025-09-30,2025-10-31,fa_excess,278470,81.7685,0.08622643159583579,0.019999993721197873
2025-09-30,2025-10-31,fa_excess,039490,80.935,0.08396413621723343,0.2122448570776443
2025-09-30,2025-10-31,fa_excess,326030,80.7828,0.08355103320988695,0.13905325443786976
2025-10-31,2025-11-28,equal,078000,86.3541,0.09000000000000001,0.03689568148947808
2025-10-31,2025-11-28,equal,118000,84.3984,0.09000000000000001,-0.04938271604938271
2025-10-31,2025-11-28,equal,021820,84.1839,0.09000000000000001,0.0658949243098843
2025-10-31,2025-11-28,equal,259960,83.9227,0.09000000000000001,-0.06702896047729834
2025-10-31,2025-11-28,equal,100220,83.2943,0.09000000000000001,-0.09756094080360767
2025-10-31,2025-11-28,equal,003000,83.2596,0.09000000000000001,0.10152945094701127
2025-10-31,2025-11-28,equal,377740,82.6887,0.09000000000000001,0.02359347875243789
2025-10-31,2025-11-28,equal,278470,81.7685,0.09000000000000001,0.0019608329557332382
2025-10-31,2025-11-28,equal,039490,80.935,0.09000000000000001,-0.08080807638646692
2025-10-31,2025-11-28,equal,326030,80.7828,0.09000000000000001,0.21038961038961035
2025-10-31,2025-11-28,fa_direct,078000,86.3541,0.09345816678451349,0.03689568148947808
2025-10-31,2025-11-28,fa_direct,118000,84.3984,0.09134157780054546,-0.04938271604938271
2025-10-31,2025-11-28,fa_direct,021820,84.1839,0.0911094315935295,0.0658949243098843
2025-10-31,2025-11-28,fa_direct,259960,83.9227,0.09082674353165271,-0.06702896047729834
2025-10-31,2025-11-28,fa_direct,100220,83.2943,0.09014664713776535,-0.09756094080360767
2025-10-31,2025-11-28,fa_direct,003000,83.2596,0.09010909248329703,0.10152945094701127
2025-10-31,2025-11-28,fa_direct,377740,82.6887,0.08949122642462373,0.02359347875243789
2025-10-31,2025-11-28,fa_direct,278470,81.7685,0.08849532460785871,0.0019608329557332382
2025-10-31,2025-11-28,fa_direct,039490,80.935,0.0875932553139295,-0.08080807638646692
2025-10-31,2025-11-28,fa_direct,326030,80.7828,0.08742853432228459,0.21038961038961035
2025-10-31,2025-11-28,fa_excess,078000,86.3541,0.09867272036382499,0.03689568148947808
2025-10-31,2025-11-28,fa_excess,118000,84.3984,0.09336453671423572,-0.04938271604938271
2025-10-31,2025-11-28,fa_excess,021820,84.1839,0.09278233832346162,0.0658949243098843
2025-10-31,2025-11-28,fa_excess,259960,83.9227,0.09207338625040715,-0.06702896047729834
2025-10-31,2025-11-28,fa_excess,100220,83.2943,0.09036777567342608,-0.09756094080360767
2025-10-31,2025-11-28,fa_excess,003000,83.2596,0.09027359253048965,0.10152945094701127
2025-10-31,2025-11-28,fa_excess,377740,82.6887,0.08872404912119859,0.02359347875243789
2025-10-31,2025-11-28,fa_excess,278470,81.7685,0.08622643159583579,0.0019608329557332382
2025-10-31,2025-11-28,fa_excess,039490,80.935,0.08396413621723343,-0.08080807638646692
2025-10-31,2025-11-28,fa_excess,326030,80.7828,0.08355103320988695,0.21038961038961035
2025-11-28,2025-12-30,equal,326030,86.0063,0.09000000000000001,-0.10872675250357655
2025-11-28,2025-12-30,equal,002460,85.9664,0.09000000000000001,0.07289297063081523
2025-11-28,2025-12-30,equal,105840,84.3809,0.09000000000000001,0.07358491432387693
2025-11-28,2025-12-30,equal,100220,83.2943,0.09000000000000001,-0.010406517752900801
2025-11-28,2025-12-30,equal,037270,83.2373,0.09000000000000001,0.13416538240111442
2025-11-28,2025-12-30,equal,009970,82.0847,0.09000000000000001,0.15430976977128785
2025-11-28,2025-12-30,equal,226320,81.3306,0.09000000000000001,-0.01502877614423126
2025-11-28,2025-12-30,equal,126720,80.4799,0.09000000000000001,0.00714285921735458
2025-11-28,2025-12-30,equal,023590,80.4536,0.09000000000000001,0.08368190511829443
2025-11-28,2025-12-30,equal,322000,80.0921,0.09000000000000001,0.003669724770642091
2025-11-28,2025-12-30,fa_direct,326030,86.0063,0.09356125716328785,-0.10872675250357655
2025-11-28,2025-12-30,fa_direct,002460,85.9664,0.09351785227131117,0.07289297063081523
2025-11-28,2025-12-30,fa_direct,105840,84.3809,0.09179307893223725,0.07358491432387693
2025-11-28,2025-12-30,fa_direct,100220,83.2943,0.09061102991915765,-0.010406517752900801
2025-11-28,2025-12-30,fa_direct,037270,83.2373,0.09054902293061952,0.13416538240111442
2025-11-28,2025-12-30,fa_direct,009970,82.0847,0.08929517635186417,0.15430976977128785
2025-11-28,2025-12-30,fa_direct,226320,81.3306,0.0884748347719237,-0.01502877614423126
2025-11-28,2025-12-30,fa_direct,126720,80.4799,0.08754940766403962,0.00714285921735458
2025-11-28,2025-12-30,fa_direct,023590,80.4536,0.08752079742195974,0.08368190511829443
2025-11-28,2025-12-30,fa_direct,322000,80.0921,0.08712754257359948,0.003669724770642091
2025-11-28,2025-12-30,fa_excess,326030,86.0063,0.0990011795576338,-0.10872675250357655
2025-11-28,2025-12-30,fa_excess,002460,85.9664,0.09889147244903476,0.07289297063081523
2025-11-28,2025-12-30,fa_excess,105840,84.3809,0.09453205839680978,0.07358491432387693
2025-11-28,2025-12-30,fa_excess,100220,83.2943,0.09154439563481191,-0.010406517752900801
2025-11-28,2025-12-30,fa_excess,037270,83.2373,0.09138767119395615,0.13416538240111442
2025-11-28,2025-12-30,fa_excess,009970,82.0847,0.08821853802675679,0.15430976977128785
2025-11-28,2025-12-30,fa_excess,226320,81.3306,0.08614510116975091,-0.01502877614423126
2025-11-28,2025-12-30,fa_excess,126720,80.4799,0.08380605762876837,0.00714285921735458
2025-11-28,2025-12-30,fa_excess,023590,80.4536,0.0837337444218472,0.08368190511829443
2025-11-28,2025-12-30,fa_excess,322000,80.0921,0.08273978152063034,0.003669724770642091
2025-12-30,2026-01-30,equal,326030,86.0063,0.09000000000000001,-0.052969502407704705
2025-12-30,2026-01-30,equal,002460,85.9664,0.09000000000000001,0.006688963210702337
2025-12-30,2026-01-30,equal,105840,84.3809,0.09000000000000001,0.5319273619749545
2025-12-30,2026-01-30,equal,100220,83.2943,0.09000000000000001,0.01736465781409602
2025-12-30,2026-01-30,equal,037270,83.2373,0.09000000000000001,-0.016506232386152564
2025-12-30,2026-01-30,equal,009970,82.0847,0.09000000000000001,0.08094000509541943
2025-12-30,2026-01-30,equal,226320,81.3306,0.09000000000000001,0.02607913669064743
2025-12-30,2026-01-30,equal,126720,80.4799,0.09000000000000001,0.17494085304350704
2025-12-30,2026-01-30,equal,023590,80.4536,0.09000000000000001,0.36936942582294896
2025-12-30,2026-01-30,equal,322000,80.0921,0.09000000000000001,-0.029250457038391242
2025-12-30,2026-01-30,fa_direct,326030,86.0063,0.09356125716328785,-0.052969502407704705
2025-12-30,2026-01-30,fa_direct,002460,85.9664,0.09351785227131117,0.006688963210702337
2025-12-30,2026-01-30,fa_direct,105840,84.3809,0.09179307893223725,0.5319273619749545
2025-12-30,2026-01-30,fa_direct,100220,83.2943,0.09061102991915765,0.01736465781409602
2025-12-30,2026-01-30,fa_direct,037270,83.2373,0.09054902293061952,-0.016506232386152564
2025-12-30,2026-01-30,fa_direct,009970,82.0847,0.08929517635186417,0.08094000509541943
2025-12-30,2026-01-30,fa_direct,226320,81.3306,0.0884748347719237,0.02607913669064743
2025-12-30,2026-01-30,fa_direct,126720,80.4799,0.08754940766403962,0.17494085304350704
2025-12-30,2026-01-30,fa_direct,023590,80.4536,0.08752079742195974,0.36936942582294896
2025-12-30,2026-01-30,fa_direct,322000,80.0921,0.08712754257359948,-0.029250457038391242
2025-12-30,2026-01-30,fa_excess,326030,86.0063,0.0990011795576338,-0.052969502407704705
2025-12-30,2026-01-30,fa_excess,002460,85.9664,0.09889147244903476,0.006688963210702337
2025-12-30,2026-01-30,fa_excess,105840,84.3809,0.09453205839680978,0.5319273619749545
2025-12-30,2026-01-30,fa_excess,100220,83.2943,0.09154439563481191,0.01736465781409602
2025-12-30,2026-01-30,fa_excess,037270,83.2373,0.09138767119395615,-0.016506232386152564
2025-12-30,2026-01-30,fa_excess,009970,82.0847,0.08821853802675679,0.08094000509541943
2025-12-30,2026-01-30,fa_excess,226320,81.3306,0.08614510116975091,0.02607913669064743
2025-12-30,2026-01-30,fa_excess,126720,80.4799,0.08380605762876837,0.17494085304350704
2025-12-30,2026-01-30,fa_excess,023590,80.4536,0.0837337444218472,0.36936942582294896
2025-12-30,2026-01-30,fa_excess,322000,80.0921,0.08273978152063034,-0.029250457038391242
2026-01-30,2026-02-27,equal,326030,86.0063,0.09000000000000001,0.015254237288135686
2026-01-30,2026-02-27,equal,002460,85.9664,0.09000000000000001,0.14119601328903664
2026-01-30,2026-02-27,equal,105840,84.3809,0.09000000000000001,-0.03059273104864002
2026-01-30,2026-02-27,equal,100220,83.2943,0.09000000000000001,0.09839357429718865
2026-01-30,2026-02-27,equal,037270,83.2373,0.09000000000000001,-0.025174822453217338
2026-01-30,2026-02-27,equal,009970,82.0847,0.09000000000000001,0.20531400520249665
2026-01-30,2026-02-27,equal,226320,81.3306,0.09000000000000001,0.013146362839614456
2026-01-30,2026-02-27,equal,126720,80.4799,0.09000000000000001,0.16032926485285626
2026-01-30,2026-02-27,equal,023590,80.4536,0.09000000000000001,0.020676723278500564
2026-01-30,2026-02-27,equal,322000,80.0921,0.09000000000000001,0.9585687382297552
2026-01-30,2026-02-27,fa_direct,326030,86.0063,0.09356125716328785,0.015254237288135686
2026-01-30,2026-02-27,fa_direct,002460,85.9664,0.09351785227131117,0.14119601328903664
2026-01-30,2026-02-27,fa_direct,105840,84.3809,0.09179307893223725,-0.03059273104864002
2026-01-30,2026-02-27,fa_direct,100220,83.2943,0.09061102991915765,0.09839357429718865
2026-01-30,2026-02-27,fa_direct,037270,83.2373,0.09054902293061952,-0.025174822453217338
2026-01-30,2026-02-27,fa_direct,009970,82.0847,0.08929517635186417,0.20531400520249665
2026-01-30,2026-02-27,fa_direct,226320,81.3306,0.0884748347719237,0.013146362839614456
2026-01-30,2026-02-27,fa_direct,126720,80.4799,0.08754940766403962,0.16032926485285626
2026-01-30,2026-02-27,fa_direct,023590,80.4536,0.08752079742195974,0.020676723278500564
2026-01-30,2026-02-27,fa_direct,322000,80.0921,0.08712754257359948,0.9585687382297552
2026-01-30,2026-02-27,fa_excess,326030,86.0063,0.0990011795576338,0.015254237288135686
2026-01-30,2026-02-27,fa_excess,002460,85.9664,0.09889147244903476,0.14119601328903664
2026-01-30,2026-02-27,fa_excess,105840,84.3809,0.09453205839680978,-0.03059273104864002
2026-01-30,2026-02-27,fa_excess,100220,83.2943,0.09154439563481191,0.09839357429718865
2026-01-30,2026-02-27,fa_excess,037270,83.2373,0.09138767119395615,-0.025174822453217338
2026-01-30,2026-02-27,fa_excess,009970,82.0847,0.08821853802675679,0.20531400520249665
2026-01-30,2026-02-27,fa_excess,226320,81.3306,0.08614510116975091,0.013146362839614456
2026-01-30,2026-02-27,fa_excess,126720,80.4799,0.08380605762876837,0.16032926485285626
2026-01-30,2026-02-27,fa_excess,023590,80.4536,0.0837337444218472,0.020676723278500564
2026-01-30,2026-02-27,fa_excess,322000,80.0921,0.08273978152063034,0.9585687382297552
2026-02-27,2026-03-31,equal,326030,86.0063,0.09000000000000001,-0.20868113522537568
2026-02-27,2026-03-31,equal,002460,85.9664,0.09000000000000001,-0.16739446870451236
2026-02-27,2026-03-31,equal,105840,84.3809,0.09000000000000001,-0.11177591290388722
2026-02-27,2026-03-31,equal,100220,83.2943,0.09000000000000001,0.018281535648994485
2026-02-27,2026-03-31,equal,037270,83.2373,0.09000000000000001,-0.2603449025935579
2026-02-27,2026-03-31,equal,009970,82.0847,0.09000000000000001,-0.10549355618388845
2026-02-27,2026-03-31,equal,226320,81.3306,0.09000000000000001,-0.1349480968858131
2026-02-27,2026-03-31,equal,126720,80.4799,0.09000000000000001,-0.07334525939177106
2026-02-27,2026-03-31,equal,023590,80.4536,0.09000000000000001,-0.1745797092128284
2026-02-27,2026-03-31,equal,322000,80.0921,0.09000000000000001,0.3374999999999999
2026-02-27,2026-03-31,fa_direct,326030,86.0063,0.09356125716328785,-0.20868113522537568
2026-02-27,2026-03-31,fa_direct,002460,85.9664,0.09351785227131117,-0.16739446870451236
2026-02-27,2026-03-31,fa_direct,105840,84.3809,0.09179307893223725,-0.11177591290388722
2026-02-27,2026-03-31,fa_direct,100220,83.2943,0.09061102991915765,0.018281535648994485
2026-02-27,2026-03-31,fa_direct,037270,83.2373,0.09054902293061952,-0.2603449025935579
2026-02-27,2026-03-31,fa_direct,009970,82.0847,0.08929517635186417,-0.10549355618388845
2026-02-27,2026-03-31,fa_direct,226320,81.3306,0.0884748347719237,-0.1349480968858131
2026-02-27,2026-03-31,fa_direct,126720,80.4799,0.08754940766403962,-0.07334525939177106
2026-02-27,2026-03-31,fa_direct,023590,80.4536,0.08752079742195974,-0.1745797092128284
2026-02-27,2026-03-31,fa_direct,322000,80.0921,0.08712754257359948,0.3374999999999999
2026-02-27,2026-03-31,fa_excess,326030,86.0063,0.0990011795576338,-0.20868113522537568
2026-02-27,2026-03-31,fa_excess,002460,85.9664,0.09889147244903476,-0.16739446870451236
2026-02-27,2026-03-31,fa_excess,105840,84.3809,0.09453205839680978,-0.11177591290388722
2026-02-27,2026-03-31,fa_excess,100220,83.2943,0.09154439563481191,0.018281535648994485
2026-02-27,2026-03-31,fa_excess,037270,83.2373,0.09138767119395615,-0.2603449025935579
2026-02-27,2026-03-31,fa_excess,009970,82.0847,0.08821853802675679,-0.10549355618388845
2026-02-27,2026-03-31,fa_excess,226320,81.3306,0.08614510116975091,-0.1349480968858131
2026-02-27,2026-03-31,fa_excess,126720,80.4799,0.08380605762876837,-0.07334525939177106
2026-02-27,2026-03-31,fa_excess,023590,80.4536,0.0837337444218472,-0.1745797092128284
2026-02-27,2026-03-31,fa_excess,322000,80.0921,0.08273978152063034,0.3374999999999999
2026-03-31,2026-04-30,equal,002460,85.9664,0.09000000000000001,0.16346153846153855
2026-03-31,2026-04-30,equal,026890,84.805,0.09000000000000001,0.18640093786635403
2026-03-31,2026-04-30,equal,100220,83.2943,0.09000000000000001,0.26211849192100534
2026-03-31,2026-04-30,equal,000660,82.1331,0.09000000000000001,0.5935564194787526
2026-03-31,2026-04-30,equal,009970,81.3975,0.09000000000000001,-0.05022831050228316
2026-03-31,2026-04-30,equal,278470,81.3966,0.09000000000000001,0.2596439169139466
2026-03-31,2026-04-30,equal,005930,80.6312,0.09000000000000001,0.31877990430622005
2026-03-31,2026-04-30,equal,023590,80.2586,0.09000000000000001,0.0753186558516803
2026-03-31,2026-04-30,equal,071970,79.8575,0.09000000000000001,0.5400291120815137
2026-03-31,2026-04-30,equal,114090,78.896,0.09000000000000001,0.04869565217391303
2026-03-31,2026-04-30,fa_direct,002460,85.9664,0.094510553039311,0.16346153846153855
2026-03-31,2026-04-30,fa_direct,026890,84.805,0.09323372213444753,0.18640093786635403
2026-03-31,2026-04-30,fa_direct,100220,83.2943,0.0915728744954108,0.26211849192100534
2026-03-31,2026-04-30,fa_direct,000660,82.1331,0.0902962634684369,0.5935564194787526
2026-03-31,2026-04-30,fa_direct,009970,81.3975,0.08948755259051579,-0.05022831050228316
2026-03-31,2026-04-30,fa_direct,278470,81.3966,0.08948656314001263,0.2596439169139466
2026-03-31,2026-04-30,fa_direct,005930,80.6312,0.08864509045654226,0.31877990430622005
2026-03-31,2026-04-30,fa_direct,023590,80.2586,0.08823545794823147,0.0753186558516803
2026-03-31,2026-04-30,fa_direct,071970,79.8575,0.08779449284065377,0.5400291120815137
2026-03-31,2026-04-30,fa_direct,114090,78.896,0.08673742988643797,0.04869565217391303
2026-03-31,2026-04-30,fa_excess,002460,85.9664,0.10158845730648304,0.16346153846153855
2026-03-31,2026-04-30,fa_excess,026890,84.805,0.09830803907402864,0.18640093786635403
2026-03-31,2026-04-30,fa_excess,100220,83.2943,0.09404100977854997,0.26211849192100534
2026-03-31,2026-04-30,fa_excess,000660,82.1331,0.09076115645366094,0.5935564194787526
2026-03-31,2026-04-30,fa_excess,009970,81.3975,0.08868342642800783,-0.05022831050228316
2026-03-31,2026-04-30,fa_excess,278470,81.3966,0.08868088434396344,0.2596439169139466
2026-03-31,2026-04-30,fa_excess,005930,80.6312,0.08651898309106124,0.31877990430622005
2026-03-31,2026-04-30,fa_excess,023590,80.2586,0.08546656029666434,0.0753186558516803
2026-03-31,2026-04-30,fa_excess,071970,79.8575,0.08433363817419365,0.5400291120815137
2026-03-31,2026-04-30,fa_excess,114090,78.896,0.0816178450533869,0.04869565217391303
2026-04-30,2026-05-29,equal,002460,85.9664,0.09000000000000001,-0.19233658903080386
2026-04-30,2026-05-29,equal,026890,84.805,0.09000000000000001,-0.2203557312252964
2026-04-30,2026-05-29,equal,100220,83.2943,0.09000000000000001,-0.2432432432432432
2026-04-30,2026-05-29,equal,000660,82.1331,0.09000000000000001,0.8144557604887286
2026-04-30,2026-05-29,equal,009970,81.3975,0.09000000000000001,-0.07932692307692313
2026-04-30,2026-05-29,equal,278470,81.3966,0.09000000000000001,-0.0683156654888104
2026-04-30,2026-05-29,equal,005930,80.6312,0.09000000000000001,0.43764172335600904
2026-04-30,2026-05-29,equal,023590,80.2586,0.09000000000000001,-0.14762931034482762
2026-04-30,2026-05-29,equal,071970,79.8575,0.09000000000000001,-0.3279773156899811
2026-04-30,2026-05-29,equal,114090,78.896,0.09000000000000001,-0.1202321724709784
2026-04-30,2026-05-29,fa_direct,002460,85.9664,0.094510553039311,-0.19233658903080386
2026-04-30,2026-05-29,fa_direct,026890,84.805,0.09323372213444753,-0.2203557312252964
2026-04-30,2026-05-29,fa_direct,100220,83.2943,0.0915728744954108,-0.2432432432432432
2026-04-30,2026-05-29,fa_direct,000660,82.1331,0.0902962634684369,0.8144557604887286
2026-04-30,2026-05-29,fa_direct,009970,81.3975,0.08948755259051579,-0.07932692307692313
2026-04-30,2026-05-29,fa_direct,278470,81.3966,0.08948656314001263,-0.0683156654888104
2026-04-30,2026-05-29,fa_direct,005930,80.6312,0.08864509045654226,0.43764172335600904
2026-04-30,2026-05-29,fa_direct,023590,80.2586,0.08823545794823147,-0.14762931034482762
2026-04-30,2026-05-29,fa_direct,071970,79.8575,0.08779449284065377,-0.3279773156899811
2026-04-30,2026-05-29,fa_direct,114090,78.896,0.08673742988643797,-0.1202321724709784
2026-04-30,2026-05-29,fa_excess,002460,85.9664,0.10158845730648304,-0.19233658903080386
2026-04-30,2026-05-29,fa_excess,026890,84.805,0.09830803907402864,-0.2203557312252964
2026-04-30,2026-05-29,fa_excess,100220,83.2943,0.09404100977854997,-0.2432432432432432
2026-04-30,2026-05-29,fa_excess,000660,82.1331,0.09076115645366094,0.8144557604887286
2026-04-30,2026-05-29,fa_excess,009970,81.3975,0.08868342642800783,-0.07932692307692313
2026-04-30,2026-05-29,fa_excess,278470,81.3966,0.08868088434396344,-0.0683156654888104
2026-04-30,2026-05-29,fa_excess,005930,80.6312,0.08651898309106124,0.43764172335600904
2026-04-30,2026-05-29,fa_excess,023590,80.2586,0.08546656029666434,-0.14762931034482762
2026-04-30,2026-05-29,fa_excess,071970,79.8575,0.08433363817419365,-0.3279773156899811
2026-04-30,2026-05-29,fa_excess,114090,78.896,0.0816178450533869,-0.1202321724709784
2026-05-29,2026-06-30,equal,025560,87.0965,0.09000000000000001,0.6297297297297297
2026-05-29,2026-06-30,equal,002460,85.9664,0.09000000000000001,0.023255813953488413
2026-05-29,2026-06-30,equal,000660,85.3216,0.09000000000000001,0.13587655379339902
2026-05-29,2026-06-30,equal,036570,85.2937,0.09000000000000001,-0.11053540587219346
2026-05-29,2026-06-30,equal,005930,85.0933,0.09000000000000001,0.05362776025236604
2026-05-29,2026-06-30,equal,322000,84.422,0.09000000000000001,-0.20537757437070936
2026-05-29,2026-06-30,equal,010780,84.0963,0.09000000000000001,-0.23958333333333337
2026-05-29,2026-06-30,equal,326030,83.7073,0.09000000000000001,-0.03455964325529548
2026-05-29,2026-06-30,equal,008060,83.6834,0.09000000000000001,-0.22552204176334112
2026-05-29,2026-06-30,equal,377740,83.2134,0.09000000000000001,-0.06850715746421265
2026-05-29,2026-06-30,fa_direct,025560,87.0965,0.09244889012646512,0.6297297297297297
2026-05-29,2026-06-30,fa_direct,002460,85.9664,0.09124934145651949,0.023255813953488413
2026-05-29,2026-06-30,fa_direct,000660,85.3216,0.0905649162000104,0.13587655379339902
2026-05-29,2026-06-30,fa_direct,036570,85.2937,0.09053530164564222,-0.11053540587219346
2026-05-29,2026-06-30,fa_direct,005930,85.0933,0.09032258635190087,0.05362776025236604
2026-05-29,2026-06-30,fa_direct,322000,84.422,0.0896100325760098,-0.20537757437070936
2026-05-29,2026-06-30,fa_direct,010780,84.0963,0.08926431715100203,-0.23958333333333337
2026-05-29,2026-06-30,fa_direct,326030,83.7073,0.08885141171554602,-0.03455964325529548
2026-05-29,2026-06-30,fa_direct,008060,83.6834,0.08882604297542417,-0.22552204176334112
2026-05-29,2026-06-30,fa_direct,377740,83.2134,0.08832715980147987,-0.06850715746421265
2026-05-29,2026-06-30,fa_excess,025560,87.0965,0.09596848349453672,0.6297297297297297
2026-05-29,2026-06-30,fa_excess,002460,85.9664,0.09304491972983717,0.023255813953488413
2026-05-29,2026-06-30,fa_excess,000660,85.3216,0.09137682494576653,0.13587655379339902
2026-05-29,2026-06-30,fa_excess,036570,85.2937,0.09130464776760962,-0.11053540587219346
2026-05-29,2026-06-30,fa_excess,005930,85.0933,0.09078621384278368,0.05362776025236604
2026-05-29,2026-06-30,fa_excess,322000,84.422,0.08904956367444213,-0.20537757437070936
2026-05-29,2026-06-30,fa_excess,010780,84.0963,0.08820697919681834,-0.23958333333333337
2026-05-29,2026-06-30,fa_excess,326030,83.7073,0.08720063789563429,-0.03455964325529548
2026-05-29,2026-06-30,fa_excess,008060,83.6834,0.08713880870000885,-0.22552204176334112
2026-05-29,2026-06-30,fa_excess,377740,83.2134,0.08592292075256276,-0.06850715746421265
2026-06-30,2026-07-09,equal,025560,87.0965,0.09000000000000001,-0.3076285240464345
2026-06-30,2026-07-09,equal,002460,85.9664,0.09000000000000001,-0.024545454545454537
2026-06-30,2026-07-09,equal,000660,85.3216,0.09000000000000001,-0.17509433962264154
2026-06-30,2026-07-09,equal,036570,85.2937,0.09000000000000001,-0.031067961165048508
2026-06-30,2026-07-09,equal,005930,85.0933,0.09000000000000001,-0.16766467065868262
2026-06-30,2026-07-09,equal,322000,84.422,0.09000000000000001,-0.22462203023758098
2026-06-30,2026-07-09,equal,010780,84.0963,0.09000000000000001,-0.07534246575342463
2026-06-30,2026-07-09,equal,326030,83.7073,0.09000000000000001,-0.07390300230946878
2026-06-30,2026-07-09,equal,008060,83.6834,0.09000000000000001,-0.17914919113241456
2026-06-30,2026-07-09,equal,377740,83.2134,0.09000000000000001,0.003293084522502765
2026-06-30,2026-07-09,fa_direct,025560,87.0965,0.09244889012646512,-0.3076285240464345
2026-06-30,2026-07-09,fa_direct,002460,85.9664,0.09124934145651949,-0.024545454545454537
2026-06-30,2026-07-09,fa_direct,000660,85.3216,0.0905649162000104,-0.17509433962264154
2026-06-30,2026-07-09,fa_direct,036570,85.2937,0.09053530164564222,-0.031067961165048508
2026-06-30,2026-07-09,fa_direct,005930,85.0933,0.09032258635190087,-0.16766467065868262
2026-06-30,2026-07-09,fa_direct,322000,84.422,0.0896100325760098,-0.22462203023758098
2026-06-30,2026-07-09,fa_direct,010780,84.0963,0.08926431715100203,-0.07534246575342463
2026-06-30,2026-07-09,fa_direct,326030,83.7073,0.08885141171554602,-0.07390300230946878
2026-06-30,2026-07-09,fa_direct,008060,83.6834,0.08882604297542417,-0.17914919113241456
2026-06-30,2026-07-09,fa_direct,377740,83.2134,0.08832715980147987,0.003293084522502765
2026-06-30,2026-07-09,fa_excess,025560,87.0965,0.09596848349453672,-0.3076285240464345
2026-06-30,2026-07-09,fa_excess,002460,85.9664,0.09304491972983717,-0.024545454545454537
2026-06-30,2026-07-09,fa_excess,000660,85.3216,0.09137682494576653,-0.17509433962264154
2026-06-30,2026-07-09,fa_excess,036570,85.2937,0.09130464776760962,-0.031067961165048508
2026-06-30,2026-07-09,fa_excess,005930,85.0933,0.09078621384278368,-0.16766467065868262
2026-06-30,2026-07-09,fa_excess,322000,84.422,0.08904956367444213,-0.22462203023758098
2026-06-30,2026-07-09,fa_excess,010780,84.0963,0.08820697919681834,-0.07534246575342463
2026-06-30,2026-07-09,fa_excess,326030,83.7073,0.08720063789563429,-0.07390300230946878
2026-06-30,2026-07-09,fa_excess,008060,83.6834,0.08713880870000885,-0.17914919113241456
2026-06-30,2026-07-09,fa_excess,377740,83.2134,0.08592292075256276,0.003293084522502765
