date,A0_LEGACY,X_CAP15_ONLY,A_CURRENT,X_COOLDOWN5,R_EXIT_RECOVERY,R_TREND_REARM,B_EQUAL,C_CAP10,C_CAP08,D_BAND20,E_VOL_RISK
2026-01-30,-0.000541530396006393,-0.0005175,-0.0001725,0.0,-0.0005175,-0.0001725,-0.0005175,-0.00023,-0.000184,-0.000345,0.0
2026-02-02,-0.020994119816237757,-0.009164015064528247,0.0023068370368300316,-0.000345,-0.015813838793074943,-0.004342986691716666,-0.010199915424916443,-0.0012424331032577563,-0.006863058508894656,-0.007426811336018979,-0.000575
2026-02-03,0.03084027071165661,0.025150164402154965,0.014892948062876428,0.02062811482858592,0.01687238980139265,0.002293280563728799,0.028984439893429005,0.003320403864482659,0.007195736221595694,0.02509654106314987,0.010684372020988864
2026-02-04,0.011494155054204097,0.011544219422728121,0.011413970087647224,0.01412404893359745,0.008186496748111628,0.0048655147402706985,0.015787322291544354,0.008348227213358128,0.008284059997596542,0.011685589645393065,0.004087444469489151
2026-02-05,-0.001444536831003488,-0.0011563501742687333,-0.0034057007314651187,-0.0017505035189693792,-0.004667676699338489,-0.004869172593285977,-0.012784316062600266,-0.0045976138926721935,-0.0017603560187127894,-0.00039160265477419104,-0.0022953129183046705
2026-02-06,-0.0330228291683487,-0.024299815510637642,-0.02191187647110373,-0.023956797055164743,-0.023669942695196202,-0.024369060207855123,-0.02208223101068068,-0.016711475903746175,-0.01279419236679715,-0.021584693687897658,-0.017399802709596804
2026-02-09,0.03398582445877248,0.032230008380583305,0.024754362487874246,0.031220510585054276,0.031066655291834572,0.03212206158954878,0.02947110125324512,0.021515846116093404,0.016595381227300195,0.032044630832358305,0.0232337931319667
2026-02-10,0.00611216828240003,0.009380665663370636,0.012575818338842856,0.009031204231706747,0.006842566020283368,0.010161409226264264,0.011466141693219762,0.005034314303091522,0.007176456257885698,0.009419526671273869,0.008516088227159213
2026-02-11,0.008626563668007367,0.007706871124069483,0.008603995856120785,0.0033152213738171553,0.007418975598638894,0.007503712136196359,0.008409995730300256,0.00682979197429573,0.00559412611729224,0.007436444845966195,0.004263968495944428
2026-02-12,0.013584583249632413,0.012092571124914945,0.011387952053104097,0.01035346453905935,0.012231742192973271,0.012012809582385603,0.012221009020115279,0.009685585591612625,0.00771405842488245,0.012476469219895689,0.009833831626099559
2026-02-13,-0.016053126806164303,-0.013863163737891614,-0.01625126508767834,-0.014093715421090978,-0.014079811483999304,-0.014004972283918084,-0.013023331058531746,-0.010540813736981127,-0.008425267900273687,-0.014356944222150805,-0.006982532244299007
2026-02-19,0.02832308174317322,0.027294551661167378,0.02779841446583334,0.027924379484549955,0.02700523787461139,0.02720768827505485,0.028888419896244313,0.02283943109172577,0.01842492048167652,0.027521932896847283,0.018298903475317155
2026-02-20,0.030511312692772616,0.021975861032253925,0.021983960703074897,0.023187427621713826,0.029174205822464196,0.02876934541801896,0.02969438094509889,0.02515784022786688,0.014101471075060908,0.02154706558195752,0.025541148711145895
2026-02-23,-0.003175061935255484,-0.007471569843006394,-0.006237890437516886,-0.006625921845939511,-0.005686117686291133,-0.0055613884426543945,-0.006399468185850248,-0.004945882583175959,-0.004524438773691711,-0.006570840921093561,-0.005651052584169825
2026-02-24,0.020167865668578,0.011997783850232396,0.011706501310853181,0.011704510811706158,0.019653257210128783,0.0190655585207229,0.019381075673817364,0.016497437721255826,0.007060647652032897,0.019502210568638524,0.016775497327208493
2026-02-25,0.01749492517411673,0.01875227202259722,0.014752690897683716,0.014628653484377724,0.013432163587853253,0.013576388963435765,0.014529096043899034,0.011929143035617911,0.01038734753588712,0.014018864016099798,0.011703885306205414
2026-02-26,0.023729988067350168,0.02485526647087647,0.024045916519133556,0.02367575288601191,0.023143381259903104,0.02342669789040082,0.0239738173713629,0.02008675375730789,0.01677909470717442,0.023442406391863072,0.02025396293216911
2026-02-27,-0.01872159324966774,-0.01844413761349036,-0.02011575821096523,-0.019618995942698548,-0.02036887096594764,-0.01995079745971788,-0.01993642189248101,-0.018465909871151688,-0.014372371896768437,-0.020228508316166016,-0.019517004743162668
2026-03-03,-0.03447257457904641,-0.03892912547422284,-0.038350332555506725,-0.03478927913510951,-0.03801901740852568,-0.029645804172466372,-0.029641544848628458,-0.026699127158160113,-0.018217875055657567,-0.03363964520589108,-0.034032371809477
2026-03-04,-0.08002976443811476,-0.08067642677870183,-0.0845677849891785,-0.09672712949179726,-0.07411839927760856,-0.08104372405141888,-0.09280215925485678,-0.05455724490879189,-0.04990459839986091,-0.0882204953165791,-0.04250370662987066
2026-03-05,0.052290746018066,0.04310500403776173,0.033232268907460165,0.009113390354271788,0.0,0.02597360887721139,0.023860877818043403,0.01157877060217863,0.014977841734882646,0.0360271425922448,0.008939394451839533
2026-03-06,0.013533651102835612,0.01485849918519815,0.017923583435008036,0.012982155887235078,0.0,0.001306443529672415,0.030790600455744322,0.013640735547490221,0.007888639746262815,0.027853971686342977,-0.0003003452519384679
2026-03-09,-0.03775204477376425,-0.041472282148381216,-0.052195222477579746,-0.005293471454839451,-0.0001725,-0.01704285355967202,-0.0447462187456515,-0.029989237926975113,-0.023133511482008012,-0.042798679999707046,-0.00915704684747182
2026-03-10,0.0178126504245452,0.01849686670069183,0.018471103202674182,0.0028008676032552277,0.0023570101041592937,0.011426926840201126,0.020342120139510488,0.013259276138461657,0.008214258261432787,0.018001944220632195,-0.000115
2026-03-11,0.019407713649572077,0.012322785053957928,0.015238049762164417,0.009603156292383395,0.012463431190136546,0.006811950906579528,0.013755237048038084,0.010507821667096011,0.004040326748460937,0.014060920498268908,0.0003634688995215225
2026-03-12,-0.0016933839797578696,-0.004790688020260955,-0.003463109614555062,-0.002424291931302549,-0.008174666589724048,-0.00803231697264521,-0.008775237525916125,-0.0012382927497987777,-0.006269374961510914,-0.0032610241527924926,0.0009840983748240105
2026-03-13,-0.003374809495485116,-0.017430864865931543,-0.01756686584527228,-0.020455029083671854,0.007861360538503451,0.0039048461339826635,-0.01347821777765368,-0.010361809044770307,-0.013812210225261036,-0.018135894428384744,-0.012938237577613615
2026-03-16,-0.024866372861984738,-0.020965882031168843,-0.021008006856929242,-0.008207393267564088,-0.0063425057555045045,-0.015375651502407606,-0.02334536947185472,-0.013940813365990748,-0.0078072172088794025,-0.023255848314995792,-0.010010035736320103
2026-03-17,0.03437127094455158,0.027583986832282578,0.012418012834857021,0.01292644424134989,0.01307212897962716,0.016549098624991876,0.016441449203144953,0.009680039817176977,0.004405717269605813,0.020746426610195483,0.010303386715410756
2026-03-18,0.029884045823080314,0.029398905653193887,0.01945233423697698,0.019238237489321977,0.010898791170005338,0.01821684928188123,0.01850067177504687,0.011415317339974702,0.0061360427993744065,0.02209976621582811,0.013786882501376233
2026-03-19,-0.008096568491873294,-0.015756503534300876,-0.013765922456985859,-0.018441389737862527,0.0003156805965799335,-0.005360754976938499,-0.010113860302228238,-0.004566400775790433,-0.006899765566497699,-0.01732477242024892,-0.00835686811251148
2026-03-20,2.029141997751861e-05,0.004396702435461706,0.00851988298822381,0.01137171221574811,0.0017196860519229562,0.00824228492333838,0.011679706873693336,0.003083788037856011,0.005663305214077843,0.0035980371894645514,0.004414528459172473
2026-03-23,-0.06041977309544383,-0.054713495890120784,-0.06448919659984971,-0.05315524274229864,-0.028282055326190863,-0.04013783691315037,-0.06320456955305766,-0.026240508207535155,-0.030679981244577083,-0.05647062651925619,-0.046130258469861005
2026-03-24,0.02122748807548111,0.022948482192017245,0.016992744003184273,0.008906234392907029,0.0035344879129826407,0.0,0.010653670927665577,0.003971343778902222,0.006180644512972553,0.010558557829748265,0.0031279079923481135
2026-03-25,0.006495134405893655,0.013012637853797653,0.008014609294266636,0.006133801165747361,-0.0021884065788396957,0.0,0.007461889633882936,0.0007949486709992921,0.002550675224313672,0.002627511789573386,0.0
2026-03-26,-0.024274195628751747,-0.02000908531114573,-0.01812765549102422,-0.01435845114263775,0.0,0.0,-0.012360438415824444,-0.01042438294633466,-0.009436650057260364,-0.00590565611539549,0.0
2026-03-27,0.023532355007159406,0.005791789516581379,0.007570228824895665,0.006993948145886882,0.0,0.0,0.006373280835288556,0.004577409124148426,-0.0013013295611915253,-0.0008986866165350843,0.0
2026-03-30,-0.0010408691509685975,-0.00411389689393368,-0.0012076609114195851,-0.002077489090414387,0.0,0.0,-0.0036379171417052314,-0.0034711433373287243,-0.0034312496551278174,-0.005552851559443279,0.0
2026-03-31,0.004481461020269125,-0.01280801662684031,-0.004306288638585127,-0.0038587233690761955,0.0,0.0,-0.012261662618205495,-0.003582044655894279,-0.0029930965747544825,-0.011058561963871363,0.0
2026-04-01,0.014593634322374214,0.012674832551241265,0.01065393306427239,0.017228780947669296,-0.0001725,0.0,0.010744098134855754,0.008260930507058473,0.005905427518421831,0.0,-0.000115
2026-04-02,-0.010480349344978157,-0.0017463692266807339,-0.0018431935669812553,-0.012937531534174452,-0.0017467248908296928,0.0,-0.001760654080535446,-0.0012126515865123525,-0.005933544167427127,0.0,-0.0011644832605531286
2026-04-03,-0.033097969991173856,-0.005466951148627024,-0.0057706162595836065,-0.0026660251970803215,-0.005468066491688536,0.0,-0.005511748283779993,-0.0037941371743149817,-0.0030748302515094315,-0.0001725,-0.0036432526960069934
2026-04-06,0.0246462802373346,0.003957842156736322,0.004178958874932022,0.004170437247522252,0.003958654057620417,0.0,0.0039904531375540234,0.002742182983904801,0.0022207060753068612,0.004128440366972485,0.002632733655111897
2026-04-07,-0.048106904231625856,-0.007884478790929997,-0.008323135708029698,-0.008306233867935024,-0.007886089813800661,0.0,-0.007949185423195048,-0.005469367960056813,-0.004431570934117169,-0.008222932846048428,-0.005251641137855584
2026-04-08,0.048034491186469554,0.007553884001976104,0.007987353058279403,0.007970644007931427,0.0075554752704791416,-0.0001725,0.0077903012662632635,0.005346684054738993,0.004327650029586953,0.008060801473975133,0.005132717407244468
2026-04-09,0.04694864661935468,0.008472394156379612,0.009203818276736931,0.009124990671989386,0.00847508037112223,-0.0046712824684921545,0.013079068460181694,0.009116998383951717,0.007386860873471428,0.013535519191226876,0.008754012255617165
2026-04-10,0.04110637091899512,0.013951630376774516,0.014578913660521544,0.013343169416303076,0.013953935726915974,0.0019133801039649566,0.014131275262727908,0.008115468374132635,0.006721637334185914,0.014538632258694005,0.007954874168354074
2026-04-13,0.009332429019284225,0.005526272484403613,0.005522103266874941,0.0056776778113886706,0.0055262571516981555,0.005603190861333984,0.005963620164189814,0.003766609912319607,0.0015284582653576832,0.006056130252505124,0.0018654039316975191
2026-04-14,-0.01980311453519297,0.010018823176743047,0.009998133004306204,0.0097037038302419,0.010018747086923524,0.01040050778378011,0.009936424604891879,0.0069527094027876605,-0.002795379224030034,0.009783885409902604,-0.003867086794614719
2026-04-15,0.04711877847292465,0.01622161085407489,0.016385961970521397,0.016843881402870086,0.01639408088649362,0.01654437856214143,0.017110429464115312,0.009665677905301371,0.008454414709850621,0.01830540496235538,0.007649198418404031
2026-04-16,0.018656978013229818,0.011700921081879256,0.006466298142379462,0.01155899853401415,0.006646306160627931,0.006785275141692402,0.011383674593015692,0.007394992543083363,0.0060638156729450055,0.00685209226420527,0.0036463453133384056
2026-04-17,0.007394479686098932,0.00016574062139992863,0.00401848282314725,0.004371005281818863,9.734093531807496e-05,9.59596980008475e-05,0.0003437339829664548,0.0029227636631904527,0.00015537555445748093,0.00419851719525673,0.004340201184788216
2026-04-20,0.00047376778633372463,0.0027307619265848513,0.00111960922172606,0.001443685731641124,0.0019487434892483501,0.002295127761935292,0.0011323797387213959,0.000898844910545041,0.0012590125048598073,0.0013344169571652908,-0.002191605796513686
2026-04-21,-0.008614569675568591,-0.0022575201135309406,-0.005746472751023546,-0.005946262869535627,-0.0056923713677542835,0.001866688437697185,-0.0057667312089983505,-0.003739443607982168,-0.0030047828865043245,-0.005405784047964136,-0.006550900128570384
2026-04-22,0.031768148070296834,0.019883880223243177,0.01983402221866435,0.020394124546849086,0.019779116670938013,0.015378861089973321,0.02091159699008582,0.013274311765890398,0.01062808787770078,0.021226043488227233,0.013833932436536092
2026-04-23,0.011098939909598891,0.008369781934685062,0.008302119963842733,0.00841795584627196,0.00830712232792592,0.0028317732830311373,0.008506541125894822,0.005538429024719961,0.00450458497893173,0.008546369680501865,0.005623568139321494
2026-04-24,0.03497310533714023,0.025196146897235847,0.024964039898081058,0.025525059535013016,0.024931104203747206,0.024816632570177594,0.024933225576853034,0.016836351556207642,0.013712255061603416,0.024629427095907944,0.016987413163684344
2026-04-27,0.027568296602337422,0.020477165130290895,0.021266163946824936,0.02121866789075258,0.021300663418075797,0.02123966126899289,0.021319522665699683,0.013576288450076406,0.011458454066001144,0.023381607727695503,0.014362797337381036
2026-04-28,0.0071428111959253105,0.0038692518521659374,0.004125121621953668,0.004251337935454521,0.0040911253905439,0.004223828133387224,0.00393201474688268,0.0026821486829398922,0.0014853997212727018,0.0027753872129270426,0.0017978124856275796
2026-04-29,-0.0010290673244543616,0.00038091045563034285,0.0003219933738843735,0.00014289393375811345,0.0004205144169589681,0.0003297539773083327,0.0007306146369005784,0.00014660392380935706,0.0001398087286501681,0.0005747069884718507,0.0005255197050285472
2026-04-30,-0.025228417718867396,-0.015349575203614546,-0.015470031751802199,-0.01577183461620341,-0.015593553081297487,-0.015103424698825314,-0.015248154040801055,-0.010295263601369918,-0.008588340393716953,-0.014913669606554266,-0.010794123929913253
2026-05-04,0.0671006821494862,0.048965896013503124,0.04968950463407414,0.04725215115938102,0.047330752623268635,0.032755228126693986,0.041396742992625794,0.02938197283968778,0.016647621463550134,0.04877296971756938,0.028891441559857373
2026-05-06,0.008773588985686457,0.02104743011118451,0.005752515781751101,0.020394024761821235,0.012807589518779146,0.005841461624734908,0.0010097018115072316,0.00507290777563849,0.0013208001126825508,0.016623621887040224,0.013453970512226458
2026-05-07,-0.0013596359932520265,0.011796005343021675,0.011804569750819692,0.0038944907738923617,0.015039519898351894,0.005959667962683889,0.011190943989733226,-0.004077112229535489,0.0012774961588077499,0.009854813347745395,0.010276584013157744
2026-05-08,-0.006053437758643857,-0.009412905388046056,-0.023792058395348696,-0.011668512274573406,-0.0184877946509717,-0.02361176762752799,-0.017008151475791447,-0.006536110100197135,-0.013855571596080954,0.004477107919193637,-0.01710518477551546
2026-05-11,0.045424854893384464,0.013305242955120113,0.009397446636402558,0.01885735536257068,0.008606930810018223,0.008232361971689006,0.0076326424963144325,0.019731291461372032,0.005195448410969684,0.02041594358336673,0.019007075464387013
2026-05-12,-0.03489858540226129,-0.029995048322176174,-0.0325893621584673,-0.01793196016225491,-0.013853926717949513,-0.018150192733210797,-0.025201030159154106,-0.02003410933963324,-0.014774492470312015,-0.025403077078049414,-0.012301041639000374
2026-05-13,0.005891913035030236,0.02214521319378829,0.021706792453580207,0.008970476425054281,0.026850950510257862,0.008252600333690243,0.0037751208156877967,0.016067933325794124,-0.0033056285924578824,-0.006801222295809021,0.02176301391307425
2026-05-14,0.004641152012350034,0.014730483713552515,-0.008712488394154434,0.00047334200425165575,-0.002428335977989726,-0.002563015289862429,0.018870270865569833,0.019450610223567127,0.012001477795517837,0.007585344022118785,0.013339308723272122
2026-05-15,-0.04248623216658121,-0.07178163600970536,-0.02710105387939264,-0.05908841355429485,-0.06817815090795908,-0.022001586249267367,-0.05367194342420176,-0.046331077303151114,-0.03397228593651006,-0.04943887349513015,-0.04522352146725227
2026-05-18,-0.003737680990702577,-0.010112815909196266,-0.022571641774145525,-0.023898507067035293,-0.014966020643696641,-0.008555120852521345,-0.01867098378183939,-0.01642937514566997,-0.0010144273717964003,0.013610042579452393,-0.014766620686483095
2026-05-19,-0.030516308545884795,-0.04588326784183046,-0.013002613642190089,-0.0037453315455352187,-0.0112184330223943,0.0,-0.03351380410001602,-0.024595650880402994,-0.025494944298834196,-0.015214706474610122,-0.00853846803606664
2026-05-20,-0.0010141192025587666,-0.006841366374247215,-0.009429080242973557,-0.0003066242974531331,0.0,0.0,-0.016178805528269214,-0.007890631751930888,-0.00739343829109052,-0.004049614696668376,-0.0007809910683149788
2026-05-21,0.06718816112646005,0.08619696840863168,0.0051655468093846565,0.01860560086511709,-0.0001725,0.0,0.036574867518993456,0.04742569171108887,0.03793395739731658,0.07153164827206891,0.0
2026-05-22,0.010669556454728616,0.01491045603852214,0.013987619334827544,0.008599251607802269,0.0005908587786259443,0.0,0.00941391877799073,0.017239609386933967,0.006933960165723114,0.01640776070339473,0.0
2026-05-26,0.015098053066200389,0.024023464337721567,0.02638701242464244,0.005507841248563356,0.0036710488924784433,-0.0001725,0.02437273187211765,0.021066413344788842,0.018379647442153396,0.0103875424601036,-0.00023
2026-05-27,0.005152843556437735,0.009800684772483954,0.029330800994602457,-0.018528006750717977,0.017585492899713825,0.005249186746987953,0.00893849552812488,0.006554623264663156,0.010242591717020853,0.012983157614941598,0.0037435101206508936
2026-05-28,-0.012368090942881988,-0.014119075774503343,-0.018550145122010017,-0.010535213997817695,-0.005481744646273675,-0.0050340103791995236,-0.017530626333569013,-0.012483017334199981,-0.012165274600404029,-0.021264871952079812,-0.010378971845732762
2026-05-29,-1.1562759822491935e-06,0.015664029568409944,0.010144442170253672,-0.0022545327171292397,0.010982990245108301,0.01756263596379557,0.016500150697158492,0.01285073211756817,0.009524181589264404,0.01268273626469739,-0.00503170907222986
2026-06-01,0.02107546025293958,0.017124947055512516,0.00902206835757798,0.009863958169101392,0.0028992795658682458,-0.0020571875000000056,0.01253516166512482,0.0047068497611053505,0.005264096969767836,0.0060693614580712854,0.004708508282297899
2026-06-02,0.008738919023498042,0.001458428541976958,-0.007383997719335357,-0.0037227316345035686,0.009372926561005251,0.004862837669712664,-0.004932649830361369,0.00349018861536515,-0.0022794447021681494,-0.007227908195547319,0.004684182717449103
2026-06-04,0.004266711169641237,-0.004970352199304195,0.0024100026695110994,0.0008772448559560942,0.0015786949920873544,-0.00356347750606773,-0.0036373811070193073,-0.0023298438634464474,-0.0029808140269435407,-0.0003285307565904904,-0.002106840289686459
2026-06-05,-0.0415184304394069,-0.013100457428682374,-0.0244267633851856,-0.030533958500658022,-0.03130904606568682,-0.02780562155935388,-0.026133426996098302,-0.01990779722974374,-0.020771888693768253,-0.028629376104638216,-0.019097084843812742
2026-06-08,-0.06251718485497534,-0.03750777983707847,-0.05305507845326221,-0.06126479544150469,-0.04952925427003062,-0.06636266953202101,-0.0687381749205551,-0.034763879159765636,-0.031525823331599825,-0.06187400357670118,-0.03349975025553589
2026-06-09,0.02799736236672176,0.025161777325275598,0.010853130365082316,0.029970992487525383,0.021115991691013074,0.026405585780135524,0.02519125290290103,0.01615297056398463,0.024298156198472084,0.014981393843119752,0.0
2026-06-10,-0.0011870297250758327,-0.005174210194913086,0.0019166161969567546,-0.004731350001443431,0.0011141013801491302,0.0004847005153263539,-0.001984658473580573,-0.006040104465599579,0.001699442502726032,-0.005383108796723912,0.0
2026-06-11,0.0036388178658649565,0.0018853794289543449,0.002066712383884126,0.00235346129567196,0.002187662296152777,0.002341181186145627,0.0018674053019748173,-0.00030128972722900276,0.0005796702533997482,0.0008577859320440094,0.0
2026-06-12,0.0007542264044377185,0.010194621005423529,5.348643207443542e-06,-0.003150188824548282,-0.0024479235639882817,-0.0023568697026305208,0.004205237305992711,-0.0062585859874793445,0.0022448038268860207,-0.009235396771790687,0.0
2026-06-15,0.06181813671625339,0.05017339046018966,0.03883383950968059,0.006945917679525168,0.021960029972733917,0.02224206310758276,0.05206055844588132,0.010157537159828714,0.02846793001698695,0.028415225323745727,0.0
2026-06-16,-0.0023129511791300356,-0.004945497825586181,-0.009084062852063174,-0.005293930392036835,-0.009003075814578827,-0.008941728430983627,-0.0008052071734098504,-0.007781716163771349,-0.0019124524603108192,-0.004660057574581191,-0.00034500000000000004
2026-06-17,0.0010154497810850609,0.00483505475649515,-0.008100599641154524,-0.005768822339500176,0.004412256203294574,-0.003612611481326535,-0.005898623440212955,-0.004496732903137,-0.002712653282838553,0.0057962518651125325,0.001599626697988387
2026-06-18,-0.04064139704746114,-0.029599464580844576,-0.0338492936407881,-0.012906852237375662,-0.016119733940277478,-0.015746675920800424,-0.04126454715846015,-0.018115817253430432,-0.018710428917524953,-0.028331542099644044,-0.007551941735341596
2026-06-19,0.004176266467150866,0.006790567398143178,-0.001586736935337926,0.002291315398424813,-0.0018711334029700216,-0.0007882126384284606,-0.0034729862096387373,-0.0011339586421031931,-0.001870180686663489,0.010708058436092563,0.0012054783471139243
2026-06-22,-0.023212623131048122,-0.031125586683679624,-0.00785367504186385,-0.018610829479055832,-0.009179121681478025,-0.018047259619135152,-0.011866241481930705,-0.02219410441283444,-0.009502426991468253,-0.015722091496777776,-0.021821435834010364
2026-06-23,-0.04051562704945817,-0.042271770862262865,-0.01623004040221504,-0.03066447038152425,-0.0056939925235541325,-0.022312479240125443,-0.03005848341255809,-0.02083615041241133,-0.002907777692207859,-0.020128332083809316,-0.02223273195429279
2026-06-24,0.0063002455084095205,0.010412407893916642,0.0018537814959528277,0.000722022129475162,0.001603447927103979,0.006997395612910625,0.0007878729529340648,0.0008120478919540449,0.0007245521058160091,0.0013296299425446202,0.000918101703078486
2026-06-25,0.05028660724197529,0.0418241660182168,0.03189532707729834,0.03371723489721349,0.03321730366811953,0.03971138679630814,0.031847166027225246,0.023072785773485417,0.01761205632777068,0.03232733342830731,0.023081718475961042
2026-06-26,-0.01899320624162722,-0.019162405188552313,-0.007517482517482521,-0.01458944281524927,-0.016588198252903044,-0.01622049162661353,-0.016783001581875567,-0.0064871298397312935,-0.005193502861164507,-0.018183913086789384,-0.005011655011655014
2026-06-29,0.014019240093372668,0.02381815497034902,-0.005694566240977024,-0.0029301849106923117,-0.004354143071895753,-0.004654100649347143,0.006092214355854433,0.002607174780927297,0.0022239029825685736,0.005002452528708827,-0.0037863320264651524
2026-06-30,0.00874655610875015,9.607149281595545e-05,0.0,0.009682798729774254,0.01204315248092377,0.001131076805488571,-0.008122393274015172,-0.0011391130449547057,-0.0002639534367844241,-0.00794730608323506,0.0
2026-07-01,-0.004822065453316874,0.01202132385278237,-0.0001725,0.003905493732722165,0.0009665059581468287,0.00903839132911721,0.006494807948069288,0.005244936885313302,-0.0014506935120347944,0.01911494709121321,0.0
2026-07-02,-0.002883254687139814,-0.0024262891997727885,0.00156434210526317,0.009117435140883427,-0.00901626480024582,0.007292025471962601,0.00514107038167583,-0.009503694003207023,0.006452695310962665,0.0034426010988371386,-0.00023
2026-07-03,0.006649082657824844,0.00021286723745359178,-0.0011033468186833373,0.00230699767342861,0.0020295723950216667,0.0023205314407833007,0.0023072831391585313,-0.0010314354981185109,0.00018363086050548832,0.0022903998947756852,0.0021341463414634057
2026-07-06,0.0006032055314110305,0.004890002669335787,0.006336441408398057,0.0028925387369884824,-0.004149489830098178,-0.00386914517475491,0.002864554502606799,0.0009631653259092629,0.000762982078448092,0.0028226836853782232,0.002539044576975082
2026-07-07,-0.0010330625137041625,-0.0012986913883009689,0.0015822447915604639,0.014230304224938334,0.013771222846039998,0.0058479589931953995,0.005292008495787872,0.001353226721554488,0.0026362440369099593,0.0052405680641772175,0.00725761600093158
2026-07-08,-0.017004240238499578,-0.016901179723953906,-0.017555199329923655,-0.007819644501088904,-0.008146524046063175,-0.005356570285005363,-0.01532551578977559,-0.010335109001024101,-0.004405754201707397,-0.0148414645061468,-0.004790171965548709
2026-07-09,-0.032884250398462975,-0.032049498091271555,-0.016428182453720776,-0.028658031456518983,-0.027978013734136185,-0.02181355484129085,-0.028086637937470064,-0.0191008397796533,-0.014991456675604604,-0.025927228899348266,-0.0163799030881973
2026-07-10,0.04519311309706256,0.03833958481459267,0.011842746631102212,0.012732405964849841,0.011933024207300065,0.017817144744291434,0.011700883894601381,0.007915187304008548,0.006277266505730191,0.03242236120190056,0.014296889003349364
2026-07-13,-0.034304352145138155,-0.020676204717621577,-0.021606942657266166,-0.007871642711813509,-0.00745940451269125,-0.0006724371357608714,-0.004341865695895796,-0.005206955385009352,-0.003971786996938138,-0.022001017230420666,-0.012874402274190011
2026-07-14,-0.05220346351735833,-0.026304433941323188,-0.02809877562956278,-0.028361093522232116,-0.026554853945857385,-0.019256592964361295,-0.022185024862512902,-0.014599946461809411,-0.011843108703742706,-0.02402154150420148,0.0006682115860308732
2026-07-15,0.030523352157931737,0.02131216572805491,0.020991737278079542,0.006964659458337729,0.006673914164495874,0.0024010156641724252,0.008830520703108658,0.0065451335112377,0.004656927725617245,0.010794215497707635,0.001658388881619542
2026-07-16,5.939618004179923e-05,0.0012963719645449,-0.0011434720757839058,0.004785884454701986,0.004640767828999011,0.0015968430642377982,-0.0009818668721223315,-0.00044191323554195134,0.003200809364731911,0.007910935571862001,0.0011037621209170623
2026-07-20,-0.03407405371168226,-0.025572398392094898,-0.01401786419014414,-0.007133152173913037,-0.0076988843136895435,-0.006855478053640594,-0.015000351163141124,-0.01026293876875664,-0.007623901463429972,-0.015565593799512533,-0.004740944245268097
2026-07-21,0.005171145395363656,0.00335296480251573,0.0034339303529261163,0.0016421484775915169,0.0017733981733650298,0.0017658325703872602,0.007880908059868344,0.005283995547436881,0.0018593739645588912,0.0038192230601952846,0.0012185768957713996
2026-07-22,0.012862547991083873,0.005378707537455192,0.0005175164558996644,0.0029014804631463855,0.0033192352493312907,-0.002896703485174202,0.00725777226268111,0.005057623462564909,0.00016555357429182322,0.000398219463100504,-0.0019959631043750168
2026-07-23,0.03425728819752644,0.019565510880685914,0.007395773725096748,0.006987686566499859,0.009431822577074254,0.007141304751752588,0.014921784097015157,0.010432610374214056,0.00379780327047893,0.01566527324287208,0.0037485613218275517
2026-07-24,-0.027988718459028086,-0.01591490139913139,-0.01178431516297912,-0.011220594351899515,-0.012125162972620595,-0.010999220057686823,-0.01722756585359273,-0.011224943004374413,-0.006204671421397682,-0.0189025442194792,-0.002891614550379899
2026-07-27,0.00832638801545094,0.005438409599403612,0.0007866939576543954,0.0008201772083232095,-0.0013857727332717454,-0.0010779810034696876,-0.0028116400065630715,-0.0007155077271643814,-0.0004475935094102381,-0.0008134882070378623,-0.0015598904993053774
2026-07-28,-0.05395382190266754,-0.028903041464298354,-0.00172936622488001,-0.0018029111516758504,-0.0061455098129914775,-0.0017756734988017314,-0.022196467284859904,-0.019406453631835237,-0.011593732459068936,-0.02188520769959116,-0.01903387620852579
2026-07-29,-0.02505414705539383,-0.013349658448585123,-0.0013662396473039966,-0.0014244644980203921,-0.001984140392092404,-0.001402899526395848,-0.014698512054565275,-0.0021263750596413468,-0.000774736990680343,-0.016060711354000272,-0.0021392048297434914
2026-07-30,-0.017913014400632706,0.0,0.0,0.0,0.0,0.0,-0.006426445293683703,0.00014805195740797008,0.0,-0.0024716623639308433,-0.0020306999715504746
