CMP_CD,CMP_KOR,DART_CD
034730,SK,00181712
096770,SK이노베이션,00631518
010950,S-Oil,00138279
009830,한화솔루션,00162461
078930,GS,00500254
083650,비에이치아이,00409788
112610,씨에스윈드,00670340
100090,SK오션플랜트,00480367
006120,SK디스커버리,00131832
475150,SK이터닉스,01817081
322000,HD현대에너지솔루션,01199550
100840,SNT에너지,00648721
018000,유니슨,00144243
044490,태웅,00186799
128820,대성산업,00828789
005090,SGC에너지,00125150
024060,흥구석유,00167004
098070,한텍,00404941
457550,우진엔텍,01030503
046120,오르비텍,00297989
126720,수산인더스트리,00193328
389260,대명에너지,01150515
126880,제이엔케이글로벌,00442154
014530,극동유화,00105156
099220,SDN,00574611
100130,동국S&C,00415594
012700,리드코프,00117708
282720,금양그린파워,00872656
270520,앱튼,01228515
136150,원일티엔아이,00488244
101970,우양에이치씨,00450931
060900,에이전트AI,00367695
137950,제이씨케미칼,00664853
038870,에코바이오,00287812
043200,파루,00266934
000440,중앙에너비스,00149770
095910,에스에너지,00585538
065420,에스아이리소스,00120906
005490,POSCO홀딩스,00155319
051910,LG화학,00356361
010130,고려아연,00102858
086520,에코프로,00536541
003670,포스코퓨처엠,00155276
004020,현대제철,00145880
014680,한솔케미칼,00140955
011790,SKC,00139889
103140,풍산,00684714
011780,금호석유화학,00106368
010060,OCI홀딩스,00148896
011170,롯데케미칼,00165413
457190,이수스페셜티케미컬,01762569
005070,코스모신소재,00129989
005690,파미셀,00145163
120110,코오롱인더,00795135
001430,세아베스틸지주,00106669
285130,SK케미칼,01267170
004000,롯데정밀화학,00157681
281740,레이크머티리얼즈,01255652
295310,에이치브이엠,01011368
006650,대한유화,00260383
121600,나노신소재,00439965
033500,동성화인텍,00231105
298050,HS효성첨단소재,01316254
093370,후성,00595191
000210,DL,00109693
069260,TKG휴켐스,00426086
005420,코스모화학,00160302
009520,포스코엠텍,00128111
456040,OCI,01760738
460860,동국제강,01765265
008730,율촌화학,00145260
005810,풍산홀딩스,00155531
002960,한국쉘석유,00158149
101360,에코앤드림,00619640
251970,펌텍코리아,00761059
002710,TCC스틸,00117300
014830,유니드,00159786
104830,원익머트리얼즈,00623661
178920,PI첨단소재,00767460
357550,석경에이티,00921916
016380,KG스틸,00115676
000070,삼양홀딩스,00126937
017860,DS단석,00108612
002240,고려제강,00103006
220260,켐트로스,01089350
256940,킵스파마,01037214
003240,태광산업,00153393
003030,세아제강지주,00124197
007690,국도화학,00104388
002840,미원상사,00121932
002810,삼영무역,00127167
006110,삼아알미늄,00126779
161000,애경케미칼,00936787
003720,삼영,00127255
004430,송원산업,00134963
012610,경인양행,00102113
008970,KBI동양철관,00117629
025860,남해화학,00107987
001340,PKC,00122472
251370,와이엠티,00602172
213500,한솔제지,01060744
306200,세아제강,01325979
005950,이수화학,00145552
017890,한국알콜,00158565
102260,동성케미컬,00679314
002310,아세아제지,00138729
008350,남선알미늄,00107224
014820,동원시스템즈,00132637
005010,휴스틸,00156488
011500,한농화성,00160861
084010,대한제강,00113225
027410,BGF,00219097
268280,미원에스씨,01234297
001940,KISCO홀딩스,00159740
001780,알루코,00117027
460850,동국씨엠,01765256
003650,미창석유,00122056
058430,포스코스틸리온,00155258
001080,만호제강,00120872
187790,나노,00994994
058650,세아홀딩스,00377610
069460,대호에이엘,00428729
025820,이구산업,00145464
018470,조일알미늄,00149239
034810,해성산업,00219361
138490,코오롱ENP,00241005
004560,현대비앤지스틸,00125743
092790,넥스틸,00220613
004090,한국석유,00157991
009160,SIMPAC,00138260
016590,신대양제지,00135777
001230,동국홀딩스,00114792
054920,한컴위드,00363592
081000,일진다이아,00508274
104700,한국철강,00687711
104480,티케이케미칼,00693554
000970,한국주철관,00159573
126600,BGF에코머티리얼즈,00599595
025000,KPX케미칼,00191472
298000,효성화학,01316236
014580,태경비케이,00122481
005160,동국산업,00172680
000180,성창기업지주,00133335
012800,대창,00112651
294140,레몬,01011395
023440,제이스코홀딩스,00148531
134380,미원화학,00855163
066430,아이로보틱스,00370200
092230,KPX홀딩스,00587466
083420,그린케미칼,00454946
002200,한국수출포장,00158112
125210,아모그린텍,00611912
002220,한일철강,00163196
023600,삼보판지,00125938
136410,아셈스,00922304
015890,태경산업,00153339
009580,무림P&P,00119007
014160,대영포장,00111458
272550,삼양패키징,01060814
014190,원익큐브,00128175
163280,에어레인,01663116
012320,경동인베스트,00143527
081150,티플랙스,00497631
139990,아주스틸,00486705
004250,NPC,00108038
032560,황금에스티,00218575
120240,대정화금,00250997
036640,HRS,00230911
007590,동방아그로,00115384
286750,나노실리칸첨단소재,01136001
014440,영보화학,00140779
009190,대양금속,00111111
023450,동남합성,00115065
078130,국일제지,00104573
003780,진양산업,00150439
004540,깨끗한나라,00113492
107590,미원홀딩스,00706715
002100,경농,00101433
025550,한국선재,00158015
004890,동일산업,00172936
011280,태림포장,00153524
133820,화인베스틸,00661847
007280,한국특강,00124090
024090,디씨엠,00177199
039240,경남스틸,00206039
019440,세아특수강,00133991
460870,에스엠씨지,01142260
009200,무림페이퍼,00136086
003830,대한화섬,00113544
023900,풍국주정,00155452
006840,AK홀딩스,00125080
006890,태경케미컬,00109161
006740,블루산업개발,00141404
037370,EG,00261054
009730,이렘,00116426
027580,상보,00129615
462520,조선내화,01770203
071090,하이스틸,00435312
021050,서원,00131197
036670,삼양케이씨아이,00265041
042040,케이피엠테크,00206686
000480,CR홀딩스,00148984
006380,카프로,00159810
120030,조선선재,00796994
163560,동일고무벨트,00939687
002360,SH에너지화학,00136457
017480,삼현철강,00128926
045060,오공,00220969
004780,대륙제관,00109587
003080,SB성보,00132725
004840,DRB동일,00118266
069730,DSR제강,00151298
001550,조비,00148948
016100,리더스코스메틱,00180263
097870,효성오앤비,00367385
128660,피제이메탈,00829380
023790,동일스틸럭스,00172945
053260,금강철강,00105475
037760,쎄니트,00239596
332290,누보,01394669
155660,DSR,00110608
008420,문배철강,00121570
014970,삼륭물산,00125488
318000,KBG,00876166
101240,씨큐브,00520610
027970,한국제지,00133706
017650,대림제지,00109781
013000,세우글로벌,00134176
177830,파버나인,00429694
009620,삼보산업,00125822
222420,쎄노텍,01091054
012160,영흥,00141477
004450,삼화왕관,00129235
010040,한국내화,00160205
008370,원풍,00144012
075970,동국알앤에스,00472890
012620,원일특강,00143907
026940,부국철강,00123781
009460,한창제지,00163761
051630,진양화학,00347734
196700,웹스,00864338
010640,진양폴리,00160375
002870,신풍,00137368
352940,인바이오,00367871
001560,제일연마,00148461
340440,세림B&G,01416572
247660,나노씨엠에스,00660459
002820,SUN&L,00132211
008870,금비,00168401
037230,한국팩키지,00198192
140520,대창스틸,00112721
091970,나노캠텍,00542074
048470,대동스틸,00109268
079170,한창산업,00202839
162300,신스틸,00958664
263920,휴엠앤씨,01185566
001020,페이퍼코리아,00134723
024070,WISCOM,00142865
000590,CS홀딩스,00149026
050760,에스폴리텍,00340272
021040,대호특수강,00166175
001810,무림SP,00121507
060380,동양에스텍,00178851
263770,유에스티,01196313
115570,스타플렉스,00405959
049830,승일,00135467
002690,동일제강,00118451
285800,진영,00816933
000760,이화산업,00145686
001770,SHD,00137809
060480,국일신동,00203847
005820,원림,00143794
221980,케이디켐,00370918
026910,광진실업,00104120
007770,한일화학,00267979
054410,케이피티유,00357607
048830,엔피케이,00108490
025890,한국주강,00159564
402340,SK스퀘어,01596425
034020,두산에너빌리티,00159616
012450,한화에어로스페이스,00126566
028260,삼성물산,00149655
267260,HD현대일렉트릭,01205851
009540,HD한국조선해양,00164830
010140,삼성중공업,00126478
042660,한화오션,00111704
064350,현대로템,00302926
329180,HD현대중공업,01390344
298040,효성중공업,01316245
047810,한국항공우주,00309503
267250,HD현대,01205709
010120,LS ELECTRIC,00105855
003550,LG,00120021
079550,LIG넥스원,00503668
000150,두산,00117212
277810,레인보우로보틱스,01261644
000720,현대건설,00164478
272210,한화시스템,00339391
006260,LS,00105952
028050,삼성E&A,00126308
241560,두산밥캣,01032486
108490,로보티즈,00946030
443060,HD현대마린솔루션,01194689
001440,대한전선,00113207
017800,현대엘리베이터,00164724
001040,CJ,00148540
082740,한화엔진,00361008
000880,한화,00160588
047050,포스코인터내셔널,00124504
071970,HD현대마린엔진,00406046
062040,산일전기,00366438
042670,HD현대인프라코어,00344287
002380,KCC,00105271
454910,두산로보틱스,01105153
103590,일진전기,00683469
006360,GS건설,00120030
319400,현대무벡스,01358463
466100,클로봇,01784914
375500,DL이앤씨,01524093
097230,HJ중공업,00633835
267270,HD건설기계,01205842
090710,휴림로봇,00540429
017960,한국카본,00159795
001120,LX인터내셔널,00120076
178320,서진시스템,00838005
047040,대우건설,00124540
294870,HDC현대산업개발,01310269
004800,효성,00117188
439260,대한조선,00182696
004990,롯데지주,00120562
099320,쎄트렉아이,00449254
032820,우리기술,00231044
090360,로보스타,00536523
077970,STX엔진,00480455
060370,LS마린솔루션,00225742
388720,유일로보틱스,01152586
001740,SK네트웍스,00131780
014620,성광벤드,00132318
012630,HDC,00164636
214430,아이쓰리시스템,00612489
033100,제룡전기,00185356
009240,한샘,00161693
460930,현대힘스,00667373
075580,세진중공업,00415628
126340,비나텍,00563518
229640,LS에코에너지,01093007
099440,스맥,00580056
117730,티로보틱스,00867098
383800,LX홀딩스,01562589
119850,지엔씨에너지,00626464
484870,엠앤씨솔루션,01519790
056190,에스에프에이,00358271
010780,아이에스동서,00115977
300720,한일시멘트,01319808
023160,태광,00153375
348340,뉴로메카,01336461
002020,코오롱,00152862
347700,스피어,01336762
160190,하이젠알앤엠,00650771
005440,현대지에프홀딩스,00105280
056080,유진로봇,00234227
107640,한중엔시에스,00474588
000500,가온전선,00104768
002030,아세아,00138701
475400,씨메스,01588189
344820,KCC글라스,01428203
462350,이노스페이스,01700587
006910,보성파워텍,00267881
105840,우진,00173944
474650,링크솔루션,01764099
101930,인화정공,00482426
013030,하이록코리아,00165060
006340,대원전선,00260392
484590,삼양컴텍,00141583
478340,나라스페이스테크놀로지,01787355
038500,삼표시멘트,00239639
217590,티엠씨,00949161
014940,오리엔탈정공,00141608
011760,현대코퍼레이션,00164812
255220,SG,00963976
274090,켄코아에어로스페이스,01158553
108670,LX하우시스,00759513
140670,알에스오토메이션,00858124
000490,대동,00109286
381620,제닉스로보틱스,01293485
013890,지누스,00150633
003300,한일홀딩스,00162993
036890,진성티이씨,00174208
004980,성신양회,00132804
023410,유진기업,00184667
183190,아세아시멘트,00990165
002900,TYM,00117230
053690,한미글로벌,00413523
282880,코윈테크,01211232
199430,케이엔알시스템,00672603
009410,태영건설,00153861
079900,전진건설로봇,00372129
054540,삼영엠텍,00250614
488900,비츠로넥스텍,01194607
459510,나우로보틱스,01594791
000390,삼화페인트,00129387
389500,에스비비테크,00567897
418550,제이오,00411808
016800,퍼시스,00161709
015860,일진홀딩스,00146649
094820,일진파워,00485177
002150,도화엔지니어링,00114552
092460,한라IMS,00528515
451760,컨텍,01685251
019210,와이지-원,00139719
013580,계룡건설,00102432
0008Z0,에스엔시스,
036190,금화피에스시,00176516
010820,퍼스텍,00148522
001520,동양,00117337
101170,우림피티에스,00567222
028100,동아지질,00178754
388050,지투파워,01462605
015590,DKME,00108746
365330,에스와이스틸텍,01135084
109610,에스와이,00535481
001250,GS글로벌,00138190
327260,RF머트리얼즈,01343665
000320,노루홀딩스,00113508
108380,대양전기공업,00111193
025900,동화기업,00173032
0015G0,그린광학,
210540,디와이파워,01059605
000860,강남제비스코,00100939
014280,금강공업,00105299
017510,세명전기,00133751
018310,삼목에스폼,00125646
067390,아스트,00409681
474170,루미르,01636565
199820,제일일렉트릭,00148470
013120,동원개발,00117966
361390,제노코,01014718
004150,한솔홀딩스,00171636
289930,웨이비스,01270749
011370,서한,00131504
090350,노루페인트,00583442
026150,특수건설,00186939
484810,티엑스알로보틱스,01458161
487570,HS효성,01854763
068240,다원시스,00523307
095190,이엠코리아,00526951
007110,일신석재,00146296
011700,한신기계,00162072
079430,현대리바트,00300548
015230,대창단조,00112679
053080,케이엔솔,00304076
005870,휴니드,00111421
065450,빅텍,00385363
041440,현대에버다임,00228536
002460,HS화성,00174527
049430,코메론,00152783
002990,금호건설,00106313
060310,3S,00378363
059270,해성에어로보틱스,00453442
004960,한신공영,00162063
008830,대동기어,00109310
195990,에이비프로바이오,00620558
096350,대창솔루션,00177870
317400,자이에스앤디,00367844
071670,에이테크솔루션,00384887
147830,제룡산업,00899556
475230,엔알비,01708163
073010,케이에스피,00328191
011560,세보엠이씨,00133876
036560,KZ정밀,00141389
297090,씨에스베어링,00765462
007820,에스엠코어,00137915
042940,상지건설,00232007
011810,STX,00138297
066620,국보디자인,00253985
317830,에스피시스템스,00624749
105740,디케이락,00533003
004380,삼익THK,00127802
417970,모델솔루션,00657783
024880,케이피에프,00157636
122450,KX,00657987
007210,벽산,00122898
104460,디와이피엔에프,00602136
294630,서남,00867973
019990,에너토크,00169215
010660,화천기계,00166500
138360,앤로보틱스,00808068
039570,HDC랩스,00350312
005960,동부건설,00115612
085310,엔케이,00172228
002780,진흥기업,00150828
037350,성도이엔지,00216498
003070,코오롱글로벌,00152880
206400,베노티앤알,01043853
010960,삼호개발,00128980
014790,HL D&I,00161116
448710,코츠테크놀로지,00959210
125020,티씨머티리얼즈,00381756
017550,수산세보틱스,00135111
086670,비엠티,00524786
452280,한선엔지니어링,00958451
333430,일승,01396676
025950,동신건설,00116408
060560,HC홈센타,00288495
251630,브이원텍,01027794
095270,웨이브일렉트로,00526696
317850,대모,00450995
037440,희림,00236863
413630,씨피시스템,01601222
003800,에이스침대,00140052
039610,화성밸브,00217743
309930,조이웍스앤코,01335453
013360,일성건설,00146232
023960,에쓰씨엔지니어링,00121969
186230,그린플러스,00602279
099410,동방선기,00526678
051490,나라엠앤디,00297095
024840,KBI메탈,00158024
000850,화천기공,00166519
090410,덕신이피씨,00454937
017040,광명전기,00103662
008260,NI스틸,00116301
480370,씨케이솔루션,01210677
046940,우원개발,00363246
011390,부산산업,00124027
039020,이건홀딩스,00184889
000910,유니온,00144252
058730,다스코,00353878
066980,한성크린텍,00389998
025750,한솔홈데코,00203582
012210,삼미금속,00125664
005750,대림바스,00109754
215090,솔디펜스,01063884
003010,혜인,00165343
006050,국영지앤엠,00104537
007610,선도전기,00131939
033540,파라텍,00105138
065950,웰크론,00362159
171120,라이온켐텍,00317104
225530,HC보광산업,00568461
474610,RF시스템즈,01286476
013700,까뮤이앤씨,00129420
054930,유신,00144650
008250,이건산업,00145446
004440,삼일씨엔에스,00109806
001260,남광토건,00107066
021320,KCC건설,00105466
475430,키스트론,00204323
004870,티웨이홀딩스,00109514
017000,신원종합개발,00136925
069140,누리플랜,00410997
159010,아스플로,00561732
119500,포메탈,00188797
010240,흥국,00167031
002290,삼일기업공사,00127936
016250,SGC E&C,00141246
089140,넥스턴앤롤코리아,00416414
129920,대성하이텍,00577335
004910,조광페인트,00148920
038010,제일테크노스,00148595
100660,서암기계공업,00166528
109860,동일금속,00118284
048770,TPC,00108649
011090,에넥스,00139764
052300,오션인더블유,00349811
013810,스페코,00136165
053160,프리엠스,00352064
049800,우진플라임,00303217
221840,하이즈항공,00688358
006920,모헨즈,00163318
056730,CNT85,00318662
023350,한국종합기술,00159500
035200,프럼파스트,00356389
198440,강동씨앤엘,01032583
091590,남화토건,00108001
101000,KS인더스트리,00618410
008470,부스타,00124276
050860,아세아텍,00138747
022220,티케이지애강,00140061
092440,기신정기,00106614
044780,에이치케이,00235183
479960,위너스,01137860
035460,기산텔레콤,00258421
446070,유니드비티플러스,01702017
138070,신진에스엠,00577380
085810,알티캐스트,00364254
237750,피앤씨테크,00525864
415380,스튜디오삼익,01540815
189860,서전기전,00869272
076080,웰크론한텍,00487546
228340,동양파일,00993931
007680,대원,00111838
103230,에스앤더블류,00137012
044180,KD,00111218
192390,윈하이텍,00910840
060260,뉴보텍,00351375
079000,와토스코리아,00455875
010400,우진아이엔에스,00143262
134790,시디즈,00852087
224060,더코디,00530413
006570,대림통상,00109824
079650,서산,00130408
043340,에쎈테크,00203209
101680,한국정밀기계,00257732
073190,듀오백,00407771
012750,에스원,00158501
030190,NICE평가정보,00158325
383310,에코프로에이치엔,01566248
122900,아이마켓코리아,00360142
036800,나이스정보통신,00264945
377450,리파인,01210066
034950,한국기업평가,00156956
060150,인선이엔티,00375931
203650,드림시큐리티,01038693
448280,에코아이,01218299
049720,고려신용정보,00336297
058850,KTcs,00372882
043910,자연과환경,00418379
143240,사람인,00857480
092130,이크레더블,00634728
130580,나이스디앤비,00606293
058860,KTis,00372873
090850,현대이지웰,00656951
094280,효성ITX,00414850
105760,포스뱅크,00862312
036120,서울평가정보,00260745
376980,원티드랩,01441611
030960,양지사,00139685
090370,메타랩스,00442835
440320,오픈놀,01585155
033050,제이엠아이,00222435
011200,HMM,00164645
086280,현대글로비스,00360595
180640,한진칼,00983040
003490,대한항공,00113526
088980,맥쿼리인프라,00435297
415640,KB발해인프라,01880801
000120,CJ대한통운,00113410
028670,팬오션,00122737
020560,아시아나항공,00138792
089860,롯데렌탈,00545716
005880,대한해운,00113535
403550,쏘카,01026157
089590,제주항공,00555874
002320,한진,00163512
272450,진에어,00653024
009070,KCTC,00103042
004360,세방,00133812
091810,티웨이항공,00671376
298690,에어부산,00651901
044450,KSS해운,00160232
084670,동양고속,00540641
004140,동방,00115287
003280,흥아해운,00167208
095570,AJ네트웍스,00365387
005430,한국공항,00156691
000700,유수홀딩스,00163691
065710,서호전기,00220622
000650,천일고속,00151395
067900,와이엔텍,00190756
124560,태웅로직스,00562245
009180,한솔로지스틱스,00140946
045340,토탈소프트,00355089
003100,선광,00131896
054300,팬스타엔터프라이즈,00339072
038390,레드캡투어,00261355
033290,로젠,00155948
038620,위즈코프,00264228
024800,유성티엔에스,00173999
109070,주성코퍼레이션,00753643
129260,인터지스,00151368
465770,STX그린로지스,01784394
014130,한익스프레스,00129509
121890,에스디시스템,00604815
032280,삼일,00127909
005380,현대차,00164742
000270,기아,00106641
012330,현대모비스,00164788
161390,한국타이어앤테크놀로지,00937324
204320,HL만도,01042775
000240,한국앤컴퍼니,00160047
011210,현대위아,00106623
018880,한온시스템,00161125
005850,에스엘,00125521
073240,금호타이어,00481454
437730,삼현,00262266
004490,세방전지,00133858
007340,DN오토모티브,00116949
025540,한국단자,00157070
125490,한라캐스트,00683061
064960,SNT모티브,00398792
092200,디아이씨,00112165
003570,SNT다이내믹스,00134477
015750,성우하이텍,00132992
003620,KG모빌리티,00138242
060980,HL홀딩스,00299002
009900,명신산업,00173078
002350,넥센타이어,00173874
036530,SNT홀딩스,00225159
381970,케이카,01323032
041020,폴라리스오피스,00269852
001390,KG케미칼,00101220
033530,SJG세종,00134510
200880,서연이화,01036446
000430,대원강업,00111847
271940,일진하이솔루스,00972503
118990,모트렉스,00876908
010690,화신,00166315
123410,코리아에프티,00803425
448900,한국피아이엠,00765897
331740,아우토크립트,01649620
012200,계양전기,00102618
007860,서연,00163114
005710,대원산업,00111874
424960,스마트레이더시스템,01555215
151860,KG에코솔루션,00366137
005720,넥센,00167192
354320,알멕,00229030
043370,피에이치에이,00155151
038110,에코플라스틱,00139153
053700,삼보모터스,00351092
0015S0,페스카로,
010100,한국무브넥스,00160418
019180,티에이치엔,00118965
105550,엣지파운드리,00766106
067990,도이치모터스,00449379
009680,모토닉,00151128
013310,아진산업,00139083
066590,우수AMS,00301422
104040,대성파인텍,00442905
212560,네오오토,00876865
214330,금호에이치티,00105606
013570,디와이,00117179
021820,세원정공,00134316
100250,진양홀딩스,00646732
065500,오리엔트정공,00300405
085910,네오티스,00447928
123040,엠에스오토텍,00259545
006660,삼성공조,00126201
017370,우신시스템,00142883
067570,엔브이에이치코리아,00146436
023800,인지컨트롤스,00103510
041930,동아화성,00199988
011320,유니크,00147152
012860,모베이스전자,00137234
016740,두올,00119672
000300,DH오토넥스,00126089
018500,동원금속,00118008
089470,HDC현대EP,00357935
024740,한일단조,00162832
419050,삼기에너지솔루션즈,01526806
234100,폴라리스세원,00617998
023810,인팩,00180795
013520,화승코퍼레이션,00166272
215360,우리산업,01077577
010580,에스엠벡셀,00147860
087260,모바일어플라이언스,00556615
004100,태양금속,00153755
463480,모티브링크,00367400
033310,엠투엔,00143226
170030,현대공업,00164502
336680,탑런토탈솔루션,00814582
038880,아이에이,00252269
024900,디와이덕양,00114154
308170,씨티알모빌리티,00450010
265560,영화테크,00659976
101330,모베이스,00498001
012280,영화금속,00141413
023000,삼원강재,00191588
353590,오토앤,01084294
122690,서진오토모티브,00800145
122350,삼기,00799177
047400,유니온머티리얼,00369833
013720,THE CUBE&,00151605
450140,코오롱모빌리티그룹,01712485
128540,에코캡,00870481
013870,지엠비코리아,00156354
097780,에코볼트,00562360
040610,SG&G,00264714
241690,유니테크노,00531865
001380,SG글로벌,00152039
019540,일지테크,00146560
002920,유성기업,00174004
126640,화신정공,00825223
002880,대유에이텍,00149804
078590,휴림에이텍,00230814
001620,케이비아이동국실업,00114765
048430,유라테크,00201742
053270,구영테크,00202060
378850,화승알앤에이,01532603
024910,경창산업,00102353
007530,와이엠,00140858
009320,아진전자부품,00111689
123700,SJM,00815369
088290,이원컴포텍,00409140
071850,캐스텍코리아,00302582
041650,상신브레이크,00129642
024120,KB오토시스,00157539
031510,오스템,00175173
010770,평화홀딩스,00155124
019770,서연탑메탈,00153278
090080,평화산업,00573579
075180,새론오토모티브,00305668
090150,아이윈,00365624
033250,체시스,00125576
025440,DH오토웨어,00110583
021650,한국큐빅,00160010
130500,GH신소재,00491938
024830,세원물산,00173591
310870,디와이씨,01336443
092780,DYP,00117726
198940,한주라이트메탈,00156600
146060,율촌,00495633
093380,풍강,00155373
113810,디젠스,00576789
053060,세동,00133663
001420,태원물산,00154055
025530,SJM홀딩스,00181943
000040,KR모터스,00112378
080470,성창오토텍,00486370
312610,에이에프더블류,01223219
130740,티피씨글로벌,00578538
072470,우리산업홀딩스,00359623
290120,DH오토리드,01182578
208860,다산디엠씨,01084364
143210,핸즈코퍼레이션,00119140
020400,대동금속,00191287
008500,일정실업,00146542
278470,에이피알,01190568
021240,코웨이,00170558
090430,아모레퍼시픽,00583424
051900,LG생활건강,00356370
111770,영원무역,00776820
192820,코스맥스,01009789
081660,미스토홀딩스,00195229
483650,달바글로벌,01649204
161890,한국콜마,00939331
065350,신성델타테크,00136226
009970,영원무역홀딩스,00140964
383220,F&F,01568413
002790,아모레퍼시픽홀딩스,00154462
298020,효성티앤씨,01316227
241710,코스메카코리아,00763473
048410,현대바이오,00313649
018290,브이티,00150165
036620,감성코퍼레이션,00261009
009450,경동나비엔,00101488
001530,DI동일,00118345
230360,에코마케팅,01029394
192400,쿠쿠홀딩스,00132354
020000,한섬,00188089
270660,에브리봇,01201590
093050,LF,00593032
105630,한세실업,00728638
031430,신세계인터내셔날,00234412
092730,네오팜,00551920
024720,콜마홀딩스,00203290
194370,제이에스코퍼레이션,00332927
284740,쿠쿠홈시스,01267684
114840,아이패밀리에스씨,00692254
032940,원익,00210980
025620,차AI헬스케어,00136776
003200,일신방직,00146269
481070,에이유브랜즈,01803927
439090,마녀공장,01136977
004700,조광피혁,00148939
035150,백산,00122551
018250,애경산업,00139454
006060,화승인더,00166227
352480,씨앤씨인터내셔널,01226410
214420,토니모리,00816544
000050,경방,00101628
078520,에이블씨엔씨,00400857
093240,형지엘리트,00441243
033340,좋은사람들,00205003
123330,제닉,00624998
013990,아가방컴퍼니,00138446
123690,한국화장품,00823429
011330,유니켐,00137207
009270,신원,00136864
214260,라파스,01058101
237880,클리오,00957735
003610,방림,00122348
052260,현대바이오랜드,00347062
241590,화승엔터프라이즈,01128613
126560,현대퓨처넷,00403632
084680,이월드,00540605
002700,신일전자,00173698
472850,폰드그룹,01806951
121440,골프존홀딩스,00674498
003350,한국화장품제조,00160621
005800,신영와코루,00136624
337930,젝시믹스,01391103
298540,더네이쳐홀딩스,01214743
489460,바이오비쥬,01657197
001460,BYC,00122579
317870,엔바이오니아,00964595
168330,내츄럴엔도텍,00923792
027050,코리아나,00152589
039830,오로라,00141556
007980,TP,00154329
007700,F&F홀딩스,00126487
002170,삼양통상,00127042
0015N0,아로마티카,
004830,덕성,00114093
226320,잇츠한불,00911955
042600,새로닉스,00147994
086710,선진뷰티사이언스,00132202
002450,삼익악기,00127857
047770,코데즈컴바인,00329093
110790,크리스에프앤씨,00522007
037070,파세코,00238153
407400,꿈비,01586455
453860,에이에스텍,01538528
318160,셀바이오휴먼텍,01288410
044340,위닉스,00293886
366030,공구우먼,01307335
260930,씨티케이,01144028
016090,대현,00113614
011300,성안머티리얼스,00132868
265740,엔에프씨,01217829
079980,휴비스,00362238
306040,에스제이그룹,01222432
451250,삐아,01283974
111110,호전실업,00226316
080530,코디,00308559
066910,손오공,00306870
406820,뷰티스킨,01147487
004060,SG세계물산,00133511
011420,갤럭시아에스엠,00129554
159580,제로투세븐,00563837
014470,부방,00243067
026040,제이에스티나,00120289
145170,노브랜드,00305941
011080,형지I&C,00142713
308100,형지글로벌,01181807
352700,씨앤투스,00875237
024950,삼천리자전거,00128607
016450,한세예스24홀딩스,00161976
067170,오텍,00397289
024940,PN풍년,00133557
000950,전방,00147222
083550,케이엠,00242934
066130,하츠,00221728
204020,그리티,00671978
114630,폴라리스우노,00663669
263020,디케이앤디,00892526
005360,모나미,00121288
002070,비비안,00107677
088390,이녹스,00494476
352090,스톰테크,01226270
083660,CSA 코스믹,00406037
014990,인디에프,00106881
256150,한독크린텍,01069736
252500,세화피앤씨,01169267
159910,에코글로우,00896753
111380,동인기연,00367710
478560,블랙야크아이앤씨,01718407
227610,아우딘퓨쳐스,01080687
005320,온타이드,00168331
018700,바른손,00122205
226340,본느,01098792
008600,윌비스,00104999
050120,ES큐브,00175623
420570,제이투케이바이오,01553129
137940,넥스트아이,00614593
376180,피코그램,00604028
335870,윙스풋,01405585
342870,오아,01428948
024890,대원화성,00112022
032080,아즈텍WB,00201131
267790,배럴,01182240
462310,뉴키즈온,01467503
215480,토박스코리아,01064069
365900,브이씨,01354740
225590,패션플랫폼,01101041
014100,메디앙스,00267854
344860,이노진,01419135
084870,TBH글로벌,00409672
088790,진도,00557933
001070,대한방직,00112970
008290,원풍물산,00144021
065060,지엔코,00258102
123750,알톤,00821607
109670,씨싸이트,00492706
098660,에스티오,00612188
069640,한세엠케이,00357360
035250,강원랜드,00255619
032350,롯데관광개발,00231372
034230,파라다이스,00171265
025980,아난티,00161781
039130,하나투어,00269940
114090,GKL,00557508
006730,서부T&D,00130383
499790,GS피앤엘,01882845
215000,골프존,01067516
080160,모두투어,00456218
070960,모나용평,00365989
031440,신세계푸드,00274933
475560,더본코리아,00968607
363280,티와이홀딩스,01497869
104620,노랑풍선,00632845
094850,참좋은여행,00606770
020710,시공테크,00170026
019010,베뉴지,00267906
080010,이상네트웍스,00454399
111710,남화산업,00245694
139480,이마트,00872984
008770,호텔신라,00165680
257720,실리콘투,00982023
004170,신세계,00136378
069960,현대백화점,00428251
282330,BGF리테일,01263022
023530,롯데쇼핑,00120526
007070,GS리테일,00140177
052020,에스티큐브,00273110
057050,현대홈쇼핑,00412597
452260,한화갤러리아,01722437
003580,HLB글로벌,00169048
037710,광주신세계,00220561
051160,지어소프트,00389110
063170,서울옥션,00410915
064800,포니링크,00392691
035080,그래디언트,00244561
036030,케이티알파,00260958
362320,청담글로벌,01534577
071840,롯데하이마트,00158307
064090,인크레더블버즈,00390408
064240,홈캐스트,00385336
067830,세이브존I&C,00422895
102370,케이옥션,00668600
053280,예스24,00362858
007720,소노스퀘어,00104810
475460,미트박스,01374717
080420,모다이노칩,00480048
178780,일월지엠엘,00923826
009810,플레이그램,00103130
006370,대구백화점,00108977
069920,엑시온그룹,00426068
019660,글로본,00159731
032860,더라미,00205687
051390,YW,00296263
002420,세기상사,00133618
039740,한국정보공학,00261957
215200,메가스터디교육,01074862
215100,로보로보,01063990
461300,아이스크림미디어,00657224
068930,디지털대성,00398808
475580,에이럭스,01641600
072870,메가스터디,00422284
096240,크레버스,00525882
067280,멀티캠퍼스,00425351
040420,정상제이엘에스,00287788
095720,웅진씽크빅,00628189
373160,데이원컴퍼니,01455492
339950,아이비김영,01414422
057030,YBM넷,00307222
100220,비상교육,00520887
019680,대교,00108913
133750,메가엠디,00807555
289010,아이스크림에듀,00983934
053290,NE능률,00363927
457600,벡트,01453944
084440,유비온,00531078
134060,이퓨쳐,00788737
035290,골드앤에스,00249502
051500,CJ프레시웨이,00127954
227840,현대코퍼레이션홀딩스,01108099
311390,네오크레마,01219155
004590,한국가구,00156442
006880,신송홀딩스,00136402
223310,사토시홀딩스,01075126
250000,보라티알,01124680
033780,KT&G,00244455
003230,삼양식품,00126955
271560,오리온,01238169
140410,메지온,00808022
097950,CJ제일제당,00635134
004370,농심,00108241
026960,동서,00144395
000080,하이트진로,00150244
007310,오뚜기,00141529
005300,롯데칠성,00120571
003380,하림지주,00148364
001800,오리온홀딩스,00117577
001680,대상,00121941
006040,동원산업,00118026
005180,빙그레,00124726
453340,현대그린푸드,01721809
280360,롯데웰푸드,01258507
017810,풀무원,00155355
035810,이지홀딩스,00242378
145990,삼양사,00896285
072710,농심홀딩스,00459871
136480,하림,00857727
001790,대한제당,00113234
001130,대한제분,00113243
260970,에스앤디,00560849
136490,선진,00855093
084690,대상홀딩스,00539274
003920,남양유업,00107598
007160,사조산업,00124799
003960,사조대림,00109718
267980,매일유업,01234507
353810,이지바이오,01480568
005610,SPC삼립,00125530
033920,무학,00121543
003310,대주산업,00112457
027710,팜스토리,00192499
0013V0,삼진식품,
005860,한일사료,00162911
008040,사조동아원,00137252
000140,하이트진로홀딩스,00148993
011150,CJ씨푸드,00129013
101530,해태제과식품,00428321
339770,교촌에프앤비,00453284
073560,우리손에프앤지,00413417
248170,샘표식품,01167056
004410,서울식품,00130879
004650,창해에탄올,00123523
004970,신라교역,00135962
000890,보해양조,00123541
403490,우듬지팜,01299106
208140,정다운,01047415
002760,보락,00123107
005740,크라운해태홀딩스,00153126
018120,진로발효,00170877
009780,엠에스씨,00121154
005990,매일홀딩스,00120924
264900,크라운제과,01205329
277410,인산가,01243161
027740,마니커,00204208
036580,팜스코,00260408
103840,우양,00486875
043650,국순당,00256715
002140,고려산업,00102751
195500,마니커에프앤지,00770312
002600,조흥,00149345
007540,샘표,00130091
189980,흥국에프엔비,00916516
025880,케이씨피드,00101752
014710,사조씨푸드,00124780
005670,푸드웰,00165103
435570,에르코스,01253636
088910,동우팜투테이블,00228712
218150,미래생명자원,01071944
276730,한울앤제주,01230255
006980,우성,00142661
030720,동원수산,00118044
006090,사조오양,00141875
188040,바이오포트,01157846
003680,한성기업,00161860
023150,MH에탄올,00121534
222980,한국맥널티,00579139
051780,큐로홀딩스,00296324
066360,체리부로,00216434
002680,한탑,00140566
405920,나라셀라,01021639
368970,오에스피,01491607
025870,신라에스지,00136004
012690,모나리자,00173102
318410,비비씨,01153105
317240,TS트릴리온,01353024
110020,전진바이오팜,00632793
009770,삼정펄프,00128227
053620,태양,00186717
225430,케이엠제약,01095704
028300,HLB,00199252
214450,파마리서치,00970453
214150,클래시스,01061327
328130,루닛,01397620
458870,씨어스테크놀로지,01514227
214370,케어젠,00549891
290650,엘앤씨바이오,01181515
085660,차바이오텍,00525679
491000,리브스메드,01385005
376900,로킷헬스케어,01335143
228760,지노믹트리,01108248
389650,넥스트바이오메디컬,01385050
067630,HLB생명과학,00365590
394800,쓰리빌리언,01506617
060280,큐렉소,00356802
336570,원텍,01407909
138610,나이벡,00767628
455900,엔젤로보틱스,01592049
099190,아이센스,00550994
137310,에스디바이오센서,00854997
145720,덴티움,00526599
108860,셀바스AI,00666064
041830,인바디,00269922
450950,아스테라시스,01590528
042520,한스바이오메드,00349060
338220,뷰노,01344202
156100,엘앤케이바이오,00918222
256840,한국비엔씨,01179617
314930,바이오다인,01117413
318060,그래피,01565054
376270,HEM파마,01480708
099430,바이오플러스,00636656
340570,티앤엘,00608440
380550,뉴로핏,01782004
144510,지씨셀,01010642
0120G0,삼양바이오팜,
293780,압타바이오,01251595
200130,콜마비앤에이치,01032404
054950,제이브이엠,00361381
194700,노바렉스,00811372
216080,제테마,01222867
039840,디오,00115931
305090,마이크로디지탈,01267967
377740,바이오노트,00622787
214680,디알텍,01062867
043150,바텍,00264255
048870,시너지이노베이션,00475985
322510,제이엘케이,01153293
100120,뷰웍스,00609324
217330,싸이토젠,01046391
119610,인터로조,00604426
041920,메디아나,00273439
179290,엠아이텍,00531829
460940,피앤에스로보틱스,01419205
226400,오스테오닉,01082348
059210,메타바이오메드,00317681
439580,블루엠텍,01559637
032620,유비케어,00220057
208370,셀바스헬스케어,01047451
240550,동방메디컬,01073261
253840,수젠텍,01063954
376930,노을,01494118
348150,고바이오랩,01399071
226330,신테카바이오,01344336
056090,시지메드텍,00346610
099750,이지케어텍,00490090
228670,레이,00828761
246720,아스타,01157235
104540,코렌텍,00541437
065510,휴비츠,00398668
302550,리메드,01275665
384470,코어라인소프트,01512575
199550,레이저옵텍,01161432
032850,비트컴퓨터,00231707
372910,한컴라이프케어,00534598
044820,코스맥스비티아이,00219574
100700,세운메디칼,00362201
261200,덴티스,01187494
303360,프로티아,01267958
303810,동국생명과학,01233465
0010V0,제이피아이헬스케어,
462510,라메디텍,01504211
263700,케어랩스,01187148
222040,코스맥스엔비티,00656289
035610,솔본,00249982
142280,녹십자엠에스,00513948
290660,네오펙트,01246034
122310,제노레이,00799539
263690,디알젬,00966168
307280,원바이오젠,01326224
357230,에이치피오,01068737
221800,유투바이오,01026616
246960,SCL사이언스,01110182
043100,알파AI,00220109
043710,서울리거,00305570
225220,제놀루션,01062177
387570,파인메딕스,01455410
228850,레이언스,00899459
004080,신흥,00173795
006140,피제이전자,00155735
115480,씨유메디칼,00681249
377220,프롬바이오,01217865
058110,멕아이씨에스,00270113
234920,자이글,01020524
398120,에스지헬스케어,01179866
270870,뉴트리,01214248
363250,진시스템,01437858
304840,피플바이오,01118281
229000,젠큐릭스,01051472
450330,하스,01663569
238200,비피도,01109070
353190,휴럼,01453670
214610,롤링스톤,01049167
239610,에이치엘사이언스,01011438
419540,비스토스,01506848
219750,한국비티비,01031229
065170,비엘팜텍,00384717
188260,세니젠,01305869
318010,팜스빌,00986898
068270,셀트리온,00413046
196170,알테오젠,00989619
207940,삼성바이오로직스,00877059
298380,에이비엘바이오,01256864
000100,유한양행,00145109
087010,펩트론,00415868
0126Z0,삼성에피스홀딩스,
141080,리가켐바이오,00842619
000250,삼천당제약,00128546
326030,SK바이오팜,00878696
347850,디앤디파마텍,01376715
128940,한미약품,00828497
226950,올릭스,01113718
310210,보로노이,01327746
445680,큐리옥스바이오시스템즈,01498974
476830,알지노믹스,01596920
039200,오스코텍,00263654
009420,한올바이오파마,00162586
237690,에스티팜,00871833
0009K0,에임드바이오,
302440,SK바이오사이언스,01319899
068760,셀트리온제약,00541349
145020,휴젤,00888347
007390,네이처셀,00117276
475830,오름테라퓨틱,01658831
397030,에이프릴바이오,01375822
115180,큐리언트,01042650
006280,녹십자,00129679
468530,프로티나,01688568
358570,지아이이노베이션,01351080
249420,일동제약,01168383
389470,인벤티지랩,01516456
456160,지투지바이오,01577952
096530,씨젠,00788773
069620,대웅제약,00427483
008930,한미사이언스,00161426
195940,HK이노엔,01012066
086900,메디톡스,00580199
185750,종근당,00992871
287840,인투셀,01374443
220100,퓨쳐켐,01053540
047920,HLB제약,00336817
019170,신풍제약,00137359
199800,툴젠,00547510
053030,바이넥스,00216027
475960,토모큐브,01573336
372320,큐로셀,01492651
065660,안트로젠,00631837
003090,대웅,00111810
215600,신라젠,00919966
086450,동국제약,00114808
476060,온코닉테라퓨틱스,01632912
206650,유바이오로직스,00927558
000640,동아쏘시오홀딩스,00116824
005250,녹십자홀딩스,00108135
001060,JW중외제약,00149947
102940,코오롱생명과학,00525642
078160,메디포스트,00453929
127120,제이에스링크,00642541
304360,에스바이오메딕스,01258020
041960,코미팜,00187415
003000,부광약품,00123718
064550,바이오니아,00326731
084110,휴온스글로벌,00228059
424870,이뮨온시아,01203659
003850,보령,00123143
170900,동아에스티,00956930
494120,큐리오시스,01786958
200670,휴메딕스,00614478
084990,헬릭스미스,00359395
338840,와이바이오로직스,01226234
314130,지놈앤컴퍼니,01276026
115450,HLB테라퓨틱스,00552859
067080,대화제약,00210740
206640,바디텍메드,01046708
317450,명인제약,00179489
323990,박셀바이오,01335851
058820,CMG제약,00380429
005500,삼진제약,00128412
235980,메드팩토,01336373
009290,광동제약,00103592
003520,영진약품,00141149
243070,휴온스,01159853
095700,제넥신,00545929
203400,에이비온,00977377
007570,일양약품,00146454
308430,셀비온,01275489
004310,현대약품,00164706
308080,바이젠셀,01335790
033270,유나이티드제약,00158963
086820,바이오솔루션,00560982
217730,강스템바이오텍,01025644
003220,대원제약,00111999
365270,큐라클,01397772
038290,마크로젠,00261373
000520,삼일제약,00128032
011000,진원생명과학,00118521
246710,티앤알바이오팹,01109937
086890,이수앱지스,00526872
082800,비보존 제약,00533191
476040,오가노이드사이언스,01626391
039860,나노엔텍,00230425
309710,아이티켐,00914341
007460,에이프로젠,00152385
001360,삼성제약,00126414
016580,환인제약,00166573
084650,랩지노믹스,00545114
456070,이엔셀,01544468
321550,티움바이오,01335930
464490,쿼드메디슨,01671285
096760,JW홀딩스,00632304
234080,JW생명과학,00225706
008490,서흥,00131692
001630,종근당홀딩스,00149354
000020,동화약품,00119195
066700,테라젠이텍스,00249894
176750,듀켐바이오,00867034
278650,HLB바이오스텝,01189438
023910,대한약품,00113128
334970,프레스티지바이오로직스,01258428
205470,휴마시스,01042979
183490,엔지켐생명과학,00606886
102460,이연제약,00145598
251120,바이오에프디엔씨,01160974
461030,아이엠비디엑스,01497373
234690,녹십자웰빙,01135057
092040,아미코젠,00545734
006620,동구바이오제약,00114686
004720,팜젠사이언스,00135050
074430,아미노로직스,00466428
187660,페니트리움바이오,01409022
048530,인트론바이오,00292434
340450,지씨지놈,01432598
083790,CG인바이츠,00407814
271980,제일약품,01236897
067290,JW신약,00110431
166480,코아스템켐온,00989664
002390,한독,00161046
388870,파로스아이바이오,01495180
000230,일동홀딩스,00146083
299660,셀리드,01235296
011040,경동제약,00101549
389030,지니너스,01494154
060590,씨티씨바이오,00362292
191420,테고사이언스,00926522
131030,옵투스제약,00831428
378800,샤페론,01387164
106190,하이텍팜,00409964
063160,종근당바이오,00390055
307750,국전약품,01329957
293480,하나제약,00248974
036220,오상헬스케어,00260657
317690,퀀타매트릭스,01311286
078140,대봉엘에스,00442826
049960,쎌바이오텍,00357430
046210,HLB파나진,00172079
072020,중앙백신,00415327
041910,폴라리스AI파마,00463342
204840,지엘팜텍,01042359
299170,더블유에스아이,01318261
348080,큐라티스,01357765
054670,대한뉴팜,00207375
200230,텔콘RF제약,00608802
142760,모아라이프플러스,00587925
054050,농우바이오,00176835
185490,아이진,00945457
187420,HLB제넥스,00983916
002720,국제약품,00104722
032300,한국파마,00187770
061250,화일약품,00188973
330350,위더스제약,00765851
388610,지에프씨생명과학,01221752
214390,경보제약,00101664
068330,일신바이오,00385415
223250,드림씨아이에스,00916826
003060,에이프로젠바이오로직스,00101044
012790,신일제약,00137058
002630,오리엔트바이오,00141626
017180,명문제약,00121039
382150,온코크로스,01423916
000220,유유제약,00144818
007370,진양제약,00150536
261780,차백신연구소,01141599
067370,선바이오,00407036
222110,팬젠,00962922
114450,그린생명과학,00532059
153710,옵티팜,00971726
053950,경남제약,00307028
003120,일성아이에스,00146214
311690,CJ 바이오사이언스,01071041
014950,삼익제약,00127875
038070,서린바이오,00373447
001540,안국약품,00139205
109820,진매트릭스,00552992
002800,신신제약,00136448
260660,알리코제약,00447007
460470,아이빔테크놀로지,01678312
086040,바이오톡스텍,00447502
263050,유틸렉스,01110678
118000,메타케어,00791209
335810,프리시젼바이오,01137295
200780,비씨월드제약,00256043
179530,애드바이오텍,01022902
238120,얼라인드,01073678
347740,피엔케이피부임상연구센타,01290381
044960,이글벳,00145473
002620,제일파마홀딩스,00148443
009300,삼아제약,00126788
354200,엔젠바이오,01397903
464280,티디에스팜,01232192
314140,알피바이오,01182259
291650,압타머사이언스,01265251
034940,조아제약,00231831
086060,진바이오텍,00491053
014570,고려제약,00103015
373110,엑셀세라퓨틱스,01492217
383930,디티앤씨알오,01437432
131220,대한과학,00608316
331920,셀레믹스,01114586
215380,우정바이오,01065013
018620,우진비앤지,00103547
359090,씨엔알리서치,01487446
154030,아시아종묘,00867478
036480,대성미생물,00177320
432980,엠에프씨,01217795
018680,서울제약,00131018
471820,셀로맥스사이언스,01448544
199730,바이오인프라,01110058
109960,앱토크롬,00653194
105560,KB금융,00688996
055550,신한지주,00382199
086790,하나금융지주,00547583
316140,우리금융지주,01350869
323410,카카오뱅크,01133217
024110,기업은행,00149646
138930,BNK금융지주,00858364
175330,JB금융지주,00980122
139130,iM금융지주,00878915
006220,제주은행,00148832
138040,메리츠금융지주,00860332
071050,한국금융지주,00432102
006800,미래에셋증권,00111722
016360,삼성증권,00104856
039490,키움증권,00296290
005940,NH투자증권,00120182
023590,다우기술,00176914
003540,대신증권,00110893
001720,신영증권,00136721
003530,한화투자증권,00148610
016610,DB증권,00115694
003470,유안타증권,00117601
001500,현대차증권,00137997
032190,다우데이타,00238782
001200,유진투자증권,00131054
001510,SK증권,00131850
064820,케이프,00152437
001750,한양증권,00162416
030210,다올투자증권,00156859
030610,교보증권,00113359
001270,부국증권,00123772
078020,LS증권,00330424
003460,유화증권,00145190
000680,LS네트웍스,00104698
001290,상상인증권,00112059
190650,코리아에셋투자증권,00304915
029780,삼성카드,00126292
041190,우리기술투자,00231664
026890,스틱인베스트먼트,00117498
204620,글로벌텍스프리,01042711
100790,미래에셋벤처투자,00340096
241520,DSC인베스트먼트,01109715
027360,아주IB투자,00156895
021080,에이티넘인베스트,00161462
289080,SV인베스트먼트,00599151
019550,SBI인베스트먼트,00156910
038540,상상인,00306162
293580,나우IB,00651017
023760,한국캐피탈,00149594
027830,대성창투,00109037
452980,신한제11호스팩,01719105
246690,TS인베스트먼트,00778235
307930,컴퍼니케이,00598198
451700,엔에이치스팩29호,01712616
452300,캡스톤파트너스,01497124
330730,스톤브릿지벤처스,01305249
309960,LB인베스트먼트,00231901
440290,HB인베스트먼트,00309460
016600,큐캐피탈,00267942
464680,KB제27호스팩,01785551
007330,푸른저축은행,00124805
478780,대신밸런스제18호스팩,01817610
021880,메이슨캐피탈,00136101
466910,엔에이치스팩30호,01785056
482680,미래에셋비전스팩7호,01841635
477380,미래에셋비전스팩4호,01814233
0072Z0,KB제33호스팩,
448830,미래에셋비전스팩3호,01702424
477340,에이치엠씨제7호스팩,01813377
0044K0,삼성스팩10호,
0101C0,하나36호스팩,
469880,하나30호스팩,01791321
473050,유안타제15호스팩,01798980
457630,대신밸런스제16호스팩,01738483
479880,한국제15호스팩,01818682
478440,미래에셋비전스팩6호,01819867
277070,린드먼아시아,00616962
481890,엔에이치스팩31호,01834194
019570,플루토스,00110750
478390,KB제29호스팩,01816268
489730,디비금융제13호스팩,01857991
492220,KB제31호스팩,01866926
482520,교보16호스팩,01845701
0096B0,삼성스팩12호,
0093G0,미래에셋비전스팩8호,
471050,대신밸런스제17호스팩,01792825
0099W0,미래에셋비전스팩11호,
482690,대신밸런스제19호스팩,01845534
0097F0,미래에셋비전스팩10호,
0091W0,신영스팩11호,
0037T0,KB제32호스팩,
473370,비엔케이제2호스팩,01800285
0088D0,메리츠제1호스팩,
0041L0,하나35호스팩,
477760,DB금융스팩12호,01814589
474660,신한제12호스팩,01809569
0099X0,IBKS제25호스팩,
444920,유안타제11호스팩,01688346
474490,유안타제16호스팩,01804476
0054V0,엔에이치스팩32호,
489480,키움제11호스팩,01873272
469900,하나31호스팩,01791561
489210,교보17호스팩,01866528
487360,신한제14호스팩,01853214
477470,미래에셋비전스팩5호,01817249
0071M0,삼성스팩11호,
486630,KB제30호스팩,01851650
0098T0,교보19호스팩,
496070,신한제16호스팩,01875146
0004Y0,디비금융제14호스팩,
0096D0,미래에셋비전스팩9호,
493790,유안타제17호스팩,01872219
455310,한화플러스제4호스팩,01725160
0105P0,유진스팩12호,
472220,신영스팩10호,01796858
498390,한화플러스제5호스팩,01881800
452670,상상인제4호스팩,01717170
0041B0,교보18호스팩,
488060,유진스팩11호,01854392
466690,키움히어로제1호스팩,01784677
467930,IBKS제23호스팩,01785700
469480,IBKS제24호스팩,01792791
464440,한국제13호스팩,01775952
458610,한국제12호스팩,01761296
455910,에스케이증권제9호스팩,01725577
450940,유안타제14호스팩,01706819
468760,유진스팩10호,01787072
462020,에이치엠씨제6호스팩,01767494
465320,교보15호스팩,01781847
472230,에스케이증권제11호스팩,01797440
487830,신한제15호스팩,01854408
484130,하나34호스팩,01847550
478110,이베스트스팩6호,01815764
473950,에스케이증권제13호스팩,01801822
0068Y0,비엔케이제3호스팩,
0041J0,엘에스스팩1호,
487720,키움제10호스팩,01877126
475250,하나33호스팩,01807729
474930,신한제13호스팩,01807747
475240,하나32호스팩,01807738
457940,에스케이증권제10호스팩,01744703
473000,에스케이증권제12호스팩,01798722
000810,삼성화재,00139214
032830,삼성생명,00126256
005830,DB손해보험,00159102
001450,현대해상,00164973
003690,코리안리,00113191
088350,한화생명,00113058
031210,서울보증보험,00112998
211050,인카금융서비스,01013694
000370,한화손해보험,00135917
085620,미래에셋생명,00112332
082640,동양생명,00117267
244920,에이플러스에셋,00684802
000400,롯데손해보험,00113562
000540,흥국화재,00103176
462980,아이지넷,01728167
395400,SK리츠,01535150
365550,ESR켄달스퀘어리츠,01437186
330590,롯데리츠,01363818
293940,신한알파리츠,01276594
348950,제이알글로벌리츠,01415892
451800,한화리츠,01669226
357120,코람코라이프인프라리츠,01430475
417310,코람코더원리츠,01180118
448730,삼성FN리츠,01688896
432320,KB스타리츠,01622720
334890,이지스밸류플러스리츠,01394377
377190,디앤디플랫폼리츠,01475609
088260,이리츠코크렙,00544452
034830,한국토지신탁,00233653
400760,NH올원리츠,01480780
123890,한국자산신탁,00404701
350520,이지스레지던스리츠,01436628
404990,신한서부티엔디리츠,01436558
0030R0,대신밸류리츠,
338100,NH프라임리츠,01391033
396690,미래에셋글로벌리츠,01576102
357250,미래에셋맵스리츠,01437292
210980,SK디앤디,00508344
481850,신한글로벌액티브리츠,01714997
357430,마스턴프리미어리츠,01442966
145270,케이탑리츠,00861076
033560,블루콤,00238001
001000,신라섬유,00135999
015020,이스타코,00134565
140910,에이리츠,00860730
018260,삼성에스디에스,00126186
064400,LG씨엔에스,00139834
377300,카카오페이,01244601
307950,현대오토에버,00362441
012510,더존비즈온,00172291
022100,포스코DX,00155212
486990,노타,01810477
042000,카페24,00260879
124500,아이티센글로벌,00620868
064260,다날,00389970
181710,NHN,00983271
052400,코나아이,00349732
093320,케이아이엔엑스,00603348
030520,한글과컴퓨터,00204262
053800,안랩,00298270
060250,NHN KCP,00357740
079940,가비아,00506294
304100,솔트룩스,01050738
058970,엠로,00396925
045390,대아티아이,00318316
298830,슈어소프트테크,01012640
034310,NICE,00158316
294570,쿠콘,01311055
0007C0,아크릴,
488280,에스투더블유,01803635
402030,코난테크놀로지,00601988
094480,갤럭시아머니트리,00587457
012030,DB,00163345
035600,KG이니시스,00264547
047560,이스트소프트,00273420
234340,헥토파이낸셜,00763701
452450,피아이이,01429220
322180,LS티라유텍,01309388
029480,광무,00186452
214180,헥토이노베이션,01013311
053300,한국정보인증,00306454
377480,마음AI,01297898
096250,와이즈넛,00351427
035510,신세계 I&C,00219486
086960,MDS테크,00445841
158430,아톤,00595182
462860,더즌,01563667
263860,지니언스,00962223
205100,엑셈,01042085
286940,롯데이노베이트,01262032
053580,웹케시,00323868
347860,알체라,01405451
046440,KG모빌리언스,00405278
463020,뉴엔AI,01639508
250060,모비스,01165155
234300,에스트래픽,01014055
443670,에스피소프트,01381391
063570,NICE인프라,00363769
039980,폴라리스AI,00369213
033230,인성정보,00229021
131370,알서포트,00838962
356680,엑스게이트,01372782
315640,딥노이드,01344831
163730,핑거,01142075
136540,윈스테크넷,00868705
041460,한국전자인증,00361169
042510,라온시큐어,00255433
072770,멤레이비티,00583026
115310,인포바인,00491415
357880,SKAI,01381984
446840,지슨,01693922
352910,오비고,00494546
040350,크레오에스지,00346407
031820,아이티센씨티에스,00186559
049470,비트플래닛,00351579
393210,토마토시스템,01436479
033130,디지틀조선,00231442
064850,에프앤가이드,00331016
173130,오파스넷,00867849
053350,이니텍,00353610
219420,링크제니시스,01109955
072130,유엔젤,00416654
038680,에스넷,00264635
377030,비트맥스,01409095
192250,케이사인,01003040
067920,이글루,00364847
261520,이지스,01211889
053980,오상자이엘,00226547
042500,링네트,00352499
115500,케이씨에스,00441650
039420,케이엘넷,00246620
150900,파수,00638487
411080,샌즈랩,01242241
057680,티사이언티픽,00372688
199480,뱅크웨어글로벌,01138595
069410,엔텔스,00415707
088340,유라클,00407294
060850,영림원소프트랩,00532129
242040,나무기술,01136348
355390,크라우드웍스,01514005
010280,아이티센엔텍,00138303
064480,브리지텍,00359076
307870,비투엔,01326792
444530,심플랫폼,01590980
301300,바이브컴퍼니,00403793
189330,씨이랩,00991298
065440,이루온,00390514
184230,SGA솔루션즈,00988364
025770,한국정보통신,00159342
434480,모니터랩,01583652
020180,대신정보통신,00110875
419120,산돌,01516368
417860,오브젠,01472930
100030,인지소프트,00641171
466410,사이냅소프트,01207901
340810,시선AI,01315042
232830,아이티센피엔에스,01113499
413640,비아이매트릭스,01462739
039290,인포뱅크,00243757
267850,아시아나IDT,00458234
148780,비큐AI,00980043
075130,플랜티넷,00490179
391710,코닉오토메이션,01573284
189690,포시에스,00939942
351330,이삭엔지니어링,01135640
263800,데이타솔루션,00877819
276040,스코넥,01290248
258790,소프트캠프,01182408
032680,소프트센,00204226
040160,누리플렉스,00269889
303530,이노뎁,01264872
099390,브레인즈컴퍼니,00642897
139670,키네마스터,00535375
220180,핸디소프트,00793155
065370,위세아이텍,00374738
438700,버넥트,01605529
050960,수산아이앤티,00577016
336060,웨이버스,01408999
052600,한네트,00244783
300120,라온피플,01251489
274400,이노시뮬레이션,00965318
288980,모아데이타,01423837
016670,디모아,00125725
430690,한싹,01602638
431190,케이쓰리아이,01689266
356890,싸이버원,01293953
007120,미래아이앤지,00104786
078000,텔코웨어,00361488
262840,아이퀘스트,01146822
279600,미디어젠,01190124
131090,시큐브,00402110
367000,플래티어,01454341
045510,정원엔시스,00147772
054220,비츠로시스,00201432
038530,케이바이오,00255105
450520,인스웨이브,01222113
418620,E8,01516890
296640,이노룰스,01341630
067010,이씨에스,00400060
197140,디지캡,00681373
290270,휴네시온,01251577
039310,세중,00264671
070590,한솔인티큐브,00470829
068100,케이웨더,00426828
290090,트윔,01217014
333050,모코엠시스,01407158
153460,네이블,00842585
291810,핀텔,01524507
465480,인스피언,01284876
169330,엠브레인,00877174
067730,로지시스,00238199
373170,엠아이큐브솔루션,01497142
208350,지란지교시큐리티,01047169
424760,벨로크,01622331
328380,솔트웨어,01390399
372800,아이티아이즈,01429840
290560,파라택시스이더리움,01130849
389680,유디엠텍,01498576
275630,에스에스알,01250374
009150,삼성전기,00126371
007660,이수페타시스,00107613
011070,LG이노텍,00105961
353200,대덕전자,01478712
489790,한화비전,01867758
098460,고영,00579999
222800,심텍,01095722
140860,파크시스템스,00244747
323280,태성,01366000
161580,필옵틱스,00938721
248070,솔루엠,01159233
078600,대주전자재료,00177816
020150,롯데에너지머티리얼즈,00113997
218410,RFHIC,01078178
007810,코리아써키트,00152686
189300,인텔리안테크,00664181
049630,재영솔루텍,00147082
025320,시노펙스,00203023
050890,쏠리드,00364403
032500,케이엠더블유,00226352
204270,제이앤티씨,00447575
090460,비에이치,00447609
000670,영풍,00141307
089010,켐트로닉스,00371485
033240,자화전자,00146861
097520,엠씨넥스,00564562
441270,파인엠텍,01686755
179900,유티아이,00961774
192650,드림텍,00415646
010170,대한광통신,00113261
368770,파이버프로,01513440
336370,솔루스첨단소재,01412822
091700,파트론,00490151
464080,에스오에스랩,01686427
332570,PS일렉트로닉스,01015160
051980,중앙첨단소재,00347716
060720,KH바텍,00378628
031330,에스에이엠티,00128661
049070,인탑스,00226866
168360,펨트론,00957373
236200,슈프리마,01124653
114190,강원에너지,00100601
008060,대덕,00109189
029530,신도리코,00135795
065680,우주일렉트로,00390903
126700,하이비젼시스템,00825959
456010,아이씨티케이,01373709
190510,나무가,00819374
299030,하나기술,00601191
211270,AP위성,00874803
148150,세경하이테크,00913689
089980,상아프론테크,00181299
264850,이랜시스,01199189
054210,이랜텍,00206659
073490,이노와이어리스,00462121
004710,한솔테크닉스,00157399
051370,인터플렉스,00369170
138080,오이솔루션,00571483
230240,에치에프알,01108442
037460,삼지전자,00128315
091120,이엠텍,00541163
088800,에이스테크,00556907
045970,코아시아,00271501
052710,아모텍,00298447
011690,와이투솔루션,00144720
109740,디에스케이,00530121
370090,퓨런티어,01357446
047310,파워로직스,00269612
081180,쎄크,00406222
290740,액트로,01141942
380540,옵티코어,01506990
062970,한국첨단소재,00403766
122990,와이솔,00759294
389020,자람테크놀로지,01365038
039560,다산네트웍스,00268251
085670,뉴프렉스,00493510
372170,윤성에프앤씨,00925374
264450,유비쿼스,01203376
061090,세나테크놀로지,01010615
143160,아이디스,00883980
285490,노바텍,01259232
317770,엑스페릭스,01231786
044990,에이치엔에스하이텍,00311216
192440,슈피겐코리아,00917861
038460,바이오스마트,00240857
078070,유비쿼스홀딩스,00411385
131400,이브이첨단소재,00533924
417010,나노팀,01524118
290550,디케이티,01137903
209640,와이제이링크,01023211
036710,심텍홀딩스,00152127
053450,세코닉스,00351630
091440,한울소재과학,00560122
360070,탑머티리얼,01360875
277880,티에스아이,01139035
115440,우리넷,00664048
084850,아이티엠반도체,00579980
045660,에이텍,00256502
090470,제이스텍,00493185
320000,한울반도체,01359815
340360,다보링크,01416642
347000,센코,01023318
061040,알에프텍,00309831
004770,써니전자,00138057
094940,푸른기술,00537832
072990,에이치시티,00527464
340930,유일에너테크,01368637
049520,유아이엘,00256380
459550,알트,01466373
290670,대보마그네틱,01259418
321370,센서뷰,01593668
093920,서원인텍,00445799
082210,옵트론텍,00327396
417790,트루엔,01134216
347890,엠투아이,00670766
046310,백금T&A,00360036
004920,씨아이테크,00127158
262260,에이프로,00604268
225190,LK삼양,00992543
177900,쓰리에이로직스,00870065
364950,에이아이코리아,01307593
032790,엠젠솔루션,00110884
069510,에스텍,00306719
049480,오픈베이스,00335076
033320,제이씨현시스템,00223513
092300,현우산업,00367455
046970,우리로,00296005
331380,포커스에이아이,01393721
039010,현대에이치티,00255044
096690,에이루트,00608839
096630,에스코넥,00573269
373200,엑스플러스,01514698
057540,옴니시스템,00265005
238090,앤디포스,00942131
224110,에이텍모빌리티,01099861
054800,아이디스홀딩스,00359580
396300,세아메카닉스,00534701
055490,테이팩스,00256955
049550,잉크테크,00261656
056360,코위버,00360674
049080,기가레인,00377018
192410,오늘이엔엠,00623184
263600,덕우전자,00571298
459100,위츠,01445440
094840,슈프리마에이치큐,00599957
065130,탑엔지니어링,00366845
017900,광전자,00152729
446540,메가터치,00923516
019490,엑시큐어하이트론,00156150
254120,자비스,01174038
069540,빛과전자,00367482
093190,빅솔론,00478900
066670,디티씨,00371740
011230,삼화전자,00129280
388790,라이콤,01569102
129890,앱코,01207716
318020,포인트모바일,00962393
170790,파이오링크,00492353
333620,엔시스,01310773
258610,케일럼,00961507
317120,라닉스,01327092
271830,팸텍,01146220
360350,코셈,01493793
072950,빛샘전자,00359261
050110,캠시스,00330044
357580,아모센스,01012987
203450,유니온바이오메트릭스,00408266
037950,엘컴텍,00242712
109080,옵티시스,00660291
051380,피씨디렉트,00297934
123010,알엔티엑스,00615723
070300,엑스큐어,00683007
263810,상신전자,00760999
076610,해성옵틱스,00483735
101140,인바이오젠,00652423
148250,알엔투테크놀로지,00915508
115610,이미지스,00694942
031310,아이즈비전,00200910
052460,아이크래프트,00405719
455180,케이지에이,01638387
060540,에스에이티,00379229
088280,쏘닉스,00561723
332370,아이디피,01213586
015710,코콤,00187725
106080,케이이엠텍,00542898
196450,코아시아씨엠,01031502
089150,케이씨티,00441447
100590,머큐리,00364740
081580,성우전자,00364306
193250,링크드,01035678
060230,제이케이시냅스,00363510
140430,카티스,01116265
208710,포톤,01047707
044380,주연테크,00269241
198080,캐프,00876643
376290,씨유테크,00575106
131180,딜리,00629212
215790,이노인스트루먼트,01065679
187220,디티앤씨,00675594
004270,남성,00172185
016920,카스,00152260
054090,삼진엘앤디,00239514
079190,케스피온,00479705
091340,S&K폴리텍,00580667
073540,에프알텍,00442561
045520,크린앤사이언스,00185222
368600,아이씨에이치,01302853
083640,인콘,00475976
355690,에이텀,01444380
127980,화인써키트,00527002
043360,디지아이,00295547
065770,CS,00303703
032960,동일기연,00199076
031860,디에이치엑스컴퍼니,00180865
017250,인터엠,00145914
361670,삼영에스앤씨,00405506
066900,디에이피,00303192
015260,에이엔피,00143314
065690,파커스,00384762
033200,모아텍,00241209
005930,삼성전자,00126380
000660,SK하이닉스,00164779
042700,한미반도체,00161383
058470,리노공업,00369657
240810,원익IPS,01135941
039030,이오테크닉스,00246417
000990,DB하이텍,00160843
030530,원익홀딩스,00216647
403870,HPSP,01288827
089030,테크윙,00535676
005290,동진쎄미켐,00118804
067310,하나마이크론,00445054
095340,ISC,00572905
084370,유진테크,00531014
357780,솔브레인,01489648
036930,주성엔지니어링,00252135
082270,젬백스,00492894
080220,제주반도체,00447487
101490,에스앤에스텍,00411048
064760,티씨케이,00245472
440110,파두,01292291
319660,피에스케이,01365825
089970,브이엠,00544577
388210,씨엠티엑스,01529982
131970,두산테스나,00563545
095610,테스,00524421
232140,와이씨,01109539
183300,코미코,00997812
195870,해성디에스,01032413
348210,넥스틴,01080252
490470,세미파이브,01627363
094170,동운아나텍,00695969
166090,하나머티리얼즈,00660750
036810,에프에스티,00223434
102710,이엔에프테크놀로지,00530185
003160,디아이,00118275
083450,GST,00540863
356860,티엘비,00920379
200710,에이디테크놀로지,00657002
036540,SFA반도체,00301246
039440,에스티아이,00298340
031980,피에스케이홀딩스,00208444
281820,케이씨텍,01261893
074600,원익QnC,00468374
059090,미코,00366942
399720,가온칩스,01364747
033640,네패스,00227333
122640,예스티,00530556
131290,티에스이,00372226
079370,제우스,00442570
011930,신성이엔지,00136271
394280,오픈엣지테크놀로지,01571107
101160,월덱스,00580065
086390,유니테스트,00540447
253590,네오셈,01170865
094360,칩스앤미디어,00579971
114810,한솔아이원스,00625942
036200,유니셈,00260569
053610,프로텍,00325112
452430,사피엔반도체,01676642
445090,에이직랜드,01540453
061970,LB세미콘,00412348
089890,코세스,00365934
045100,한양이엔지,00216762
317330,덕산테코피아,01021666
054450,텔레칩스,00423177
080580,오킨스전자,00543107
102120,어보브반도체,00591441
425420,티에프이,01035368
093520,매커스,00596677
029460,케이씨,00209780
083310,엘오티베큠,00484682
432720,퀄리타스반도체,01584183
144960,뉴파워프라즈마,00521390
078350,한양디지텍,00488989
064290,인텍플러스,00479787
252990,샘씨엔에스,01199727
024850,HLB이노베이션,00155586
170920,엘티씨,00866062
092070,디엔에프,00569691
272110,케이엔제이,00769158
330860,네패스아크,01368354
420770,기가비스,00765569
112290,와이씨켐,00619507
200470,에이팩트,00667425
077360,덕산하이메탈,00471068
092870,엑시콘,00611736
425040,티이엠씨,01301252
098120,마이크로컨텍솔,00568188
033160,엠케이전자,00121686
119830,아이텍,00626011
232680,라온로보틱스,00911229
226590,엠디바이스,01022142
241770,메카로,00652007
264660,씨앤지하이테크,00605328
322310,오로스테크놀로지,01016479
418420,라온텍,00965512
092220,KEC,00589127
093640,케이알엠,00536888
489500,엘케이켐,01747977
142210,유니트론텍,00879020
160980,싸이맥스,00659161
219130,타이거일렉,00617314
172670,에이엘티,00493325
445180,퓨릿,01027828
396270,넥스트칩,01515864
146320,비씨엔씨,01301623
417840,저스템,01383229
234030,싸이닉솔루션,00874168
077500,유니퀘스트,00414601
405100,큐알티,01033591
071280,로체시스템즈,00363486
482630,삼양엔씨켐,00863533
402490,그린리소스,01370863
254490,미래반도체,00299844
382800,지앤비에스 에코,00958327
059120,아진엑스텍,00404288
355150,코스텍시스,01476219
396470,워트,00866451
066310,큐에스아이,00411446
451220,아이엠티,01546101
041520,이엘씨,00137289
365590,하이딥,01505186
033170,시그네틱스,00158219
241790,티이엠씨씨엔에스,01113754
025560,미래산업,00197759
417500,제이아이테크,01367586
097800,윈팩,00536286
212710,아이에스티이,01208751
052900,KX하이텍,00276834
217190,제너셈,00666204
054620,APS,00296078
171010,램테크놀러지,00654272
105330,케이엔더블유,00606664
217500,러셀,01068348
348350,위드텍,00925587
227950,엔투텍,01105621
089790,제이티,00365457
424980,마이크로투나노,00624378
140070,서플러스글로벌,00599285
464500,아이언디바이스,01706794
052860,아이앤씨,00365758
032580,피델릭스,00189538
087600,픽셀플러스,00495086
080520,오디텍,00529815
311320,지오엘리먼트,00668965
323350,다원넥스뷰,01344363
064520,테크엘,00370255
429270,시지트로닉스,01284751
412350,레이저쎌,01573381
101400,엔시트론,00641393
147760,피엠티,00654175
452160,제이엔비,01309421
054940,엑사이엔씨,00360577
303030,지니틱스,01318933
045300,성우테크론,00350482
006200,한국전자홀딩스,00159254
306620,지아이에스,01325429
006400,삼성SDI,00126362
373220,LG에너지솔루션,01515323
066570,LG전자,00401731
247540,에코프로비엠,01160363
066970,엘앤에프,00398701
450080,에코프로머티,01311408
336260,두산퓨얼셀,01412725
058610,에스피지,00220686
348370,엔켐,01011526
361610,SK아이이테크놀로지,01386916
137400,피엔티,00612294
082920,비츠로셀,00154718
417200,LS머트리얼즈,01528141
043260,성호전자,00317210
222080,씨아이에스,01090471
365340,성일하이텍,01274329
001820,삼화콘덴서,00129350
278280,천보,00897752
033790,피노,00276083
036830,솔브레인홀딩스,00247975
416180,신성에스티,00761183
009470,삼화전기,00129271
378340,필에너지,01488320
083930,아바코,00442145
393890,더블유씨피,01291317
267320,나인테크,01208849
079960,동양이엔피,00178790
217820,원익피앤이,01020843
091580,상신이디피,00480783
382900,범한퓨얼셀,01435489
259630,엠플러스,00833064
042370,비츠로테크,00103644
101670,하이드로리튬,00527491
005680,삼영전자,00127200
079810,디이엔티,00445160
078890,가온그룹,00441304
243840,신흥에스이씨,00807379
175140,휴먼테크놀로지,00861997
002230,피에스텍,00155638
008700,아남전자,00138516
107600,새빗켐,00862880
382840,원준,01459212
452190,한빛레이저,00607496
036010,아비코전자,00138598
089850,유비벨록스,00592653
393970,대진첨단소재,01549472
084730,팅크웨어,00438036
288620,에스퓨얼셀,01257872
037030,파워넷,00231354
302430,이노메트리,01258710
273640,와이엠텍,01215618
126730,코칩,00446901
382480,지아이텍,01311310
458650,성우,00319272
413390,엠오티,01563922
452200,민테크,01689035
032540,TJ미디어,00201733
452400,이닉스,00338170
469750,아이비젼웍스,01516766
042110,에스씨디,00171867
432470,케이엔에스,01402995
014910,성문전자,00132628
297570,알로이스,01309795
115160,휴맥스,00787057
257370,피엔티엠에스,01144569
012340,뉴인텍,00105040
032750,삼진,00173351
377330,이지트로닉스,01140837
187270,신화콘텍,00925189
148930,에이치와이티씨,00885906
240600,유진테크놀로지,01085026
038950,파인디지털,00264732
154040,다산솔루에타,00624518
313760,캐리,00863038
009140,경인전자,00102140
028080,휴맥스홀딩스,00219440
043590,웰킵스하이텍,00260611
034220,LG디스플레이,00105873
108320,LX세미콘,00525934
213420,덕산네오룩스,01061558
272290,이녹스첨단소재,01237540
046890,서울반도체,00130763
265520,AP시스템,01203808
290690,소룩스,00605522
171090,선익시스템,00327819
095500,미래나노텍,00526836
051360,토비스,00390365
123860,아나패스,00761952
110990,디아이티,00576798
469610,이노테크,01745173
078150,HB테크놀러지,00255275
297890,HB솔루션,00523936
049950,미래컴퍼니,00447760
052420,오성첨단소재,00350048
108230,톱텍,00531917
149950,아바텍,00442048
484120,도우인시스,01380578
083500,에프엔에스테크,00476036
371950,풍원정밀,00417167
187870,디바이스,00624509
082850,우리바이오,00369107
419080,엔젯,01587056
255440,야스,00875307
307180,아이엘,01326279
141000,비아트론,00610083
052330,코텍,00305297
036090,위지트,00258360
040910,아이씨디,00298377
155650,와이엠씨,00870861
088130,동아엘텍,00489243
092190,서울바이오시스,00488402
056700,신화인터텍,00228350
143540,영우디에스피,00569646
457370,한켐,01016309
036170,에이치엠넥스,00232821
054040,한국컴퓨터,00303396
256630,포인트엔지니어링,01179608
239890,피엔에이치테크,01112889
131760,파인텍,00820352
037330,인지디스플레,00265421
475660,에스켐,01383779
094970,제이엠티,00533508
020760,일진디스플,00198697
038060,루멘스,00406329
351320,넥사다이내믹스,01440153
238490,힘스,00556712
059100,아이컴포넌트,00407285
137080,나래나노텍,00362122
001210,금호전기,00106395
153490,우리이앤엘,00815095
321260,프로이천,01359736
177350,베셀,00813389
121850,코이즈,00807397
191410,육일씨엔에쓰,00843900
106240,파인테크닉스,00755739
115530,씨엔플러스,00660033
063760,이엘피,00374020
037400,우리엔터프라이즈,00155692
096870,엘디티,00540571
073110,엘엠에스,00494218
049120,파인디앤씨,00350020
347770,핌스,01405390
079950,인베니아,00409371
083470,이엠앤아이,00475718
290520,신도기연,00961570
250930,예선테크,01166109
069330,유아이디,00400121
067770,세진티에스,00406727
009310,참엔지니어링,00153621
030200,KT,00190321
017670,SK텔레콤,00159023
032640,LG유플러스,00231363
036630,세종텔레콤,00268002
065530,와이어블,00250137
035420,NAVER,00266961
035720,카카오,00258801
352820,하이브,01204056
259960,크래프톤,00760971
036570,엔씨소프트,00261443
035900,JYP Ent.,00258689
041510,에스엠,00260930
251270,넷마블,00904672
263750,펄어비스,01152470
030000,제일기획,00148276
462870,시프트업,01384787
122870,와이지엔터테인먼트,00613318
035760,CJ ENM,00265324
253450,스튜디오드래곤,01168684
293490,카카오게임즈,01137383
192080,더블유게임즈,01010110
067160,SOOP,00399694
112040,위메이드,00444329
214320,이노션,00565154
376300,디어유,01456011
079160,CJ CGV,00303873
037270,YG PLUS,00249247
419530,SAMG엔터,01082418
095660,네오위즈,00628860
225570,넥슨게임즈,01096341
069080,웹젠,00405320
194480,데브시스터즈,01008762
078340,컴투스,00476498
473980,노머스,01703849
034120,SBS,00130772
403850,더핑크퐁컴퍼니,01138364
300080,플리토,01237434
101730,위메이드맥스,00643656
016880,웅진,00143651
217270,넵튠,01067808
053210,스카이라이프,00349097
040300,YTN,00200275
310200,애니플러스,01335578
036420,콘텐트리중앙,00203315
058630,엠게임,00397058
201490,미투온,00965813
067000,조이시티,00397252
205500,넥써쓰,01042429
035000,HS애드,00140168
182360,큐브엔터,00985686
206560,덱스터,01021949
089600,KT나스미디어,00486097
263720,디앤씨미디어,01186404
037560,LG헬로비전,00222532
418470,KT밀리의서재,01467451
043610,KT지니뮤직,00223762
042420,네오위즈홀딩스,00266952
020120,키다리스튜디오,00140131
299900,위지윅스튜디오,01276327
063080,컴투스홀딩스,00535746
389140,포바이포,01513699
086980,쇼박스,00303794
047820,초록뱀미디어,00299464
289220,자이언트스텝,01264438
048910,대원미디어,00351807
063440,SM Life Design,00367604
241840,에이스토리,00975290
048550,SM C&C,00185046
058400,KNN,00208134
207760,미스터블루,01047840
204610,티쓰리,00609661
432430,와이랩,01406265
443250,레뷰코퍼레이션,01468061
216050,인크로스,00819073
214270,FSN,01061497
054780,키이스트,00353762
078860,스테이지원엔터,00543204
200350,아티스트스튜디오,00990819
476080,M83,01704680
123420,위메이드플레이,00815767
173940,에프엔씨엔터,00925295
068290,삼성출판사,00423690
160550,NEW,00974927
033830,티비씨,00204642
036000,예림당,00259934
408900,스튜디오미르,01139965
068050,팬엔터테인먼트,00397191
039340,한국경제TV,00263371
052790,액토즈소프트,00348034
361570,알비더블유,01303029
464580,닷밀,01605282
369370,블리츠웨이엔터테인먼트,01508855
052220,iMBC,00370006
046390,삼화네트웍스,00301112
321820,아티스트컴퍼니,01116502
134580,탑코미디어,00608699
291230,엔피,01276901
084180,수성웹툰,00243979
060570,드림어스컴퍼니,00364467
363260,모비데이즈,01493535
208640,썸에이지,01049422
089230,THE E&M,00519252
236810,엔비티,01051065
010470,오리콤,00141671
123570,이엠넷,00616290
210120,캔버스엔,00550082
317530,캐리소프트,01267222
104200,NHN벅스,00645089
408920,메쎄이상,01596656
239340,이스트에이드,01128622
035620,바른손이앤에이,00259590
417180,핑거스토리,01584934
047080,한빛소프트,00348292
331520,밸로프,01398151
273060,와이즈버즈,01236532
023770,플레이위드,00138367
127710,아시아경제,00665676
094860,네오리진,00599106
351870,차이커뮤니케이션,00909835
032800,판타지오,00231691
322780,코퍼스코리아,01364297
012170,아센디오,00145437
348030,모비릭스,01210190
131100,티엔엔터테인먼트,00814786
044480,빌리언스,00173449
237820,플레이디,00862853
362990,드림인사이트,01492688
050090,비케이홀딩스,00369569
397810,애드포러스,01551042
058450,한주에이알티,00146427
015760,한국전력,00159193
052690,한전기술,00159209
036460,한국가스공사,00261285
051600,한전KPS,00159218
018670,SK가스,00144164
004690,삼천리,00128555
130660,한전산업,00194947
071320,지역난방공사,00159698
017940,E1,00165583
015360,INVENI,00105101
453450,그리드위즈,01299203
017390,서울가스,00130684
267290,경동도시가스,01208885
117580,대성에너지,00787376
003480,한진중공업홀딩스,00163673
053050,지에스이,00351995
016710,대성홀딩스,00108940
034590,인천도시가스,00145862
0004V0,엔비알모션,
493330,지에프아이,01450938
068790,DMS,00361594
071200,인피니트헬스케어,00435969
0115H0,삼성스팩13호,
0001A0,덕양에너젠,
279570,케이뱅크,01203312
458350,에스팀,01379563
0011A0,액스비스,
174900,앱클론,00991191
0082N0,카나프테라퓨틱스,
298060,에스씨엠생명과학,01110474
117670,알파칩스,00605124
092600,앤씨앤,00537337
405000,플라즈맵,01575839
123840,뉴온,00809429
493280,아이엠바이오로직스,01859500
204210,스타에스엠리츠,01035289
027040,서울전자통신,00130587
219550,디와이디,01089378
290720,푸드나무,01259311
149980,하이로닉,00977641
065650,하이퍼코퍼레이션,00391197
030350,드래곤플라이,00230036
001840,이화공영,00145668
408470,한패스,01445024
0088M0,메쥬,
