timestamp,order_id,symbol,stock_name,side,status,filled_qty,fill_price,fill_amount,cost,cost_source,cash_delta,position_delta,cash_after,position_after
2026-07-03T13:53:33.413113+09:00,ff596886-4a65-4e74-8367-aaf6671ab19f,012330,현대모비스,BUY,FILLED,6.0,489500.0,2937000.0,440.55,MODELED,-2937440.55,6.0,497062559.45,6.0
2026-07-03T13:53:45.482369+09:00,47df46cf-2118-47a0-9e6f-50f7d5cf4023,012330,현대모비스,BUY,FILLED,37.0,489587.8378378378,18114750.0,2717.2125,MODELED,-18117467.2125,37.0,478945092.2375,43.0
2026-07-03T13:54:02.273896+09:00,cd93e7ee-c32a-483d-9307-213585ff8f03,034730,SK,BUY,FILLED,15.0,682333.3333333334,10235000.0,1535.2499999999998,MODELED,-10236535.25,15.0,468708556.9875,15.0
2026-07-03T13:54:19.586507+09:00,b78d7088-6a4c-4b87-91fc-2107ec2e87a9,034730,SK,BUY,FILLED,13.0,683000.0,8879000.0,1331.85,MODELED,-8880331.85,13.0,459828225.1375,28.0
2026-07-03T13:54:27.467766+09:00,2f847221-bef3-4714-a220-688b595418b1,034730,SK,BUY,FILLED,46.0,684000.0,31464000.0,4719.599999999999,MODELED,-31468719.6,46.0,428359505.53749996,74.0
2026-07-03T13:54:41.285917+09:00,aba6a94b-96d5-4b70-afdc-d5bab56b353f,034730,SK,BUY,FILLED,16.0,685000.0,10960000.0,1643.9999999999998,MODELED,-10961644.0,16.0,417397861.53749996,90.0
2026-07-03T13:54:51.320526+09:00,8d748aa5-09e9-4b74-8331-47b62c3d02f8,034730,SK,BUY,FILLED,30.0,684766.6666666666,20543000.0,3081.45,MODELED,-20546081.45,30.0,396851780.0875,120.0
2026-07-03T13:55:06.276951+09:00,e4e4c82a-632c-42b6-90e5-45cfdaf722dc,034730,SK,BUY,FILLED,25.0,683000.0,17075000.0,2561.25,MODELED,-17077561.25,25.0,379774218.8375,145.0
2026-07-03T13:55:27.469116+09:00,037bd580-5664-4df9-be1d-1820a0b010d3,078930,GS,BUY,FILLED,13.0,72300.0,939900.0,140.985,MODELED,-940040.985,13.0,378834177.85249996,13.0
2026-07-03T13:55:42.622824+09:00,6b62b0ec-aa2e-41af-ae1f-e67c0c47e433,078930,GS,BUY,FILLED,9.0,72266.66666666667,650400.0,97.56,MODELED,-650497.56,9.0,378183680.29249996,22.0
2026-07-03T13:56:07.105403+09:00,4e4156dc-286c-4318-9e50-e320e7deafee,161390,한국타이어앤테크놀로지,BUY,FILLED,20.0,66190.0,1323800.0,198.57,MODELED,-1323998.57,20.0,376859681.72249997,20.0
2026-07-03T13:56:33.516320+09:00,bda4bb51-d3fb-4261-a49c-f5108245176f,278470,에이피알,BUY,FILLED,9.0,377055.5555555556,3393500.0,509.025,MODELED,-3394009.025,9.0,373465672.6975,9.0
2026-07-03T13:56:43.184206+09:00,a330088f-b9e2-4c87-8972-b12b6bd742c1,278470,에이피알,BUY,FILLED,5.0,378000.0,1890000.0,283.5,MODELED,-1890283.5,5.0,371575389.1975,14.0
2026-07-03T13:57:11.302596+09:00,6727500b-e42a-441c-8f3b-ab222ae521d1,012330,현대모비스,BUY,FILLED,1.0,490000.0,490000.0,73.5,MODELED,-490073.5,1.0,371085315.6975,44.0
2026-07-03T13:57:19.870883+09:00,055067b1-196e-4051-b434-2bc8713587e9,012330,현대모비스,BUY,FILLED,4.0,489625.0,1958500.0,293.775,MODELED,-1958793.775,4.0,369126521.9225,48.0
2026-07-03T13:57:31.066052+09:00,722f1908-a3d0-4ef1-b20b-7bb0752cda3f,012330,현대모비스,BUY,FILLED,10.0,489550.0,4895500.0,734.3249999999999,MODELED,-4896234.325,10.0,364230287.5975,58.0
2026-07-03T13:57:38.954617+09:00,d9d855c1-5640-4ba0-a835-8e7c1c0cae01,012330,현대모비스,BUY,FILLED,42.0,489500.0,20559000.0,3083.85,MODELED,-20562083.85,42.0,343668203.7475,100.0
2026-07-03T13:57:59.755332+09:00,fb10065f-decb-4118-9241-09cadece42b7,034730,SK,BUY,FILLED,11.0,681818.1818181818,7500000.0,1125.0,MODELED,-7501125.0,11.0,336167078.7475,156.0
2026-07-03T13:58:44.107785+09:00,67d429c2-185c-4055-9a98-e7b385665986,161390,한국타이어앤테크놀로지,BUY,FILLED,56.0,66212.5,3707900.0,556.185,MODELED,-3708456.185,56.0,332458622.5625,76.0
2026-07-03T13:59:19.343447+09:00,5b092e7f-cb94-443c-9352-96a5e2c531b1,012330,현대모비스,BUY,FILLED,17.0,490500.0,8338500.0,1250.775,MODELED,-8339750.775,17.0,324118871.7875,117.0
2026-07-03T13:59:57.709775+09:00,2ec6c788-e17b-462d-99b0-e79dd1252714,078930,GS,BUY,FILLED,11.0,72390.90909090909,796300.0,119.445,MODELED,-796419.445,11.0,323322452.34250003,33.0
2026-07-03T14:00:18.188397+09:00,def7a8a3-9f79-4f92-bf58-00b03336dd77,078930,GS,BUY,FILLED,13.0,72400.0,941200.0,141.17999999999998,MODELED,-941341.18,13.0,322381111.1625,46.0
2026-07-03T14:00:50.857902+09:00,153377d2-c4b5-4bc0-9fdc-66c7385fa946,161390,한국타이어앤테크놀로지,BUY,FILLED,38.0,66200.0,2515600.0,377.34,MODELED,-2515977.34,38.0,319865133.82250005,114.0
2026-07-03T14:01:34.674981+09:00,a2d3e237-b1d1-484b-bc32-88fd0ce90910,034730,SK,BUY,FILLED,78.0,684500.0,53391000.0,8008.65,MODELED,-53399008.65,78.0,266466125.17250004,234.0
2026-07-03T14:02:09.623192+09:00,c5898b43-643b-4314-9ba6-d1ca9bcec651,161390,한국타이어앤테크놀로지,BUY,FILLED,21.0,66100.0,1388100.0,208.215,MODELED,-1388308.215,21.0,265077816.95750004,135.0
2026-07-03T14:02:40.488146+09:00,2eeffb96-42b2-4b90-9c77-860a0515f548,034730,SK,BUY,PARTIAL,15.0,686733.3333333334,10301000.0,1545.15,MODELED,-10302545.15,15.0,254775271.80750003,249.0
2026-07-03T14:02:54.460211+09:00,72204b01-846e-461c-89ea-cb2e1ef53b4c,034730,SK,BUY,FILLED,30.0,686000.0,20580000.0,3086.9999999999995,MODELED,-20583087.0,30.0,234192184.80750003,279.0
2026-07-03T14:03:11.353281+09:00,5dd270fc-4e68-4b60-b614-416afe7519a1,034730,SK,BUY,FILLED,4.0,685000.0,2740000.0,411.0,MODELED,-2740411.0,4.0,231451773.80750003,283.0
2026-07-03T14:03:25.181082+09:00,f3f84605-eaf5-44c9-aea0-35c7d72abdcb,034730,SK,BUY,FILLED,13.0,685538.4615384615,8912000.0,1336.8,MODELED,-8913336.8,13.0,222538437.00750002,296.0
2026-07-03T14:04:00.299176+09:00,5b5b2a4c-b00e-4663-9740-32072373b699,161390,한국타이어앤테크놀로지,BUY,FILLED,12.0,66108.33333333333,793300.0,118.995,MODELED,-793418.995,12.0,221745018.01250002,147.0
2026-07-03T14:04:29.119631+09:00,6ebc0cad-9645-4911-be7f-e4c3fde88f4f,012330,현대모비스,BUY,FILLED,5.0,490950.0,2454750.0,368.2125,MODELED,-2455118.2125,5.0,219289899.8,122.0
2026-07-03T14:04:43.508327+09:00,af2a6f34-74d8-40c2-a82b-f36b0a4a26ed,012330,현대모비스,BUY,FILLED,18.0,491361.1111111111,8844500.0,1326.675,MODELED,-8845826.675,18.0,210444073.125,140.0
2026-07-03T14:05:02.054932+09:00,93c257d1-5a43-4546-92b0-df857d68cc8c,012330,현대모비스,BUY,FILLED,17.0,491000.0,8347000.0,1252.05,MODELED,-8348252.05,17.0,202095821.075,157.0
2026-07-03T14:05:29.489443+09:00,98809a1a-ef97-47b8-a2f5-c17472d7a04c,034730,SK,BUY,PARTIAL,3.0,686333.3333333334,2059000.0,308.85,MODELED,-2059308.85,3.0,200036512.225,299.0
2026-07-03T14:06:04.554706+09:00,87587f0f-e7c7-41cd-a703-876e66befc7a,078930,GS,BUY,FILLED,10.0,72500.0,725000.0,108.75,MODELED,-725108.75,10.0,199311403.475,56.0
2026-07-03T14:06:29.364604+09:00,1c4fa4f5-71a4-45f6-a6f7-98a904f91109,161390,한국타이어앤테크놀로지,BUY,FILLED,70.0,66337.14285714286,4643600.0,696.54,MODELED,-4644296.54,70.0,194667106.935,217.0
2026-07-03T14:06:44.752695+09:00,4dd182a6-6d27-478f-92ed-4c6ba26f3b38,161390,한국타이어앤테크놀로지,BUY,PARTIAL,66.0,66300.0,4375800.0,656.3699999999999,MODELED,-4376456.37,66.0,190290650.565,283.0
2026-07-03T14:07:30.930128+09:00,8e577e23-2ed3-4d8a-9e4a-65da44cf8367,078930,GS,BUY,FILLED,16.0,72500.0,1160000.0,173.99999999999997,MODELED,-1160174.0,16.0,189130476.565,72.0
2026-07-03T14:07:48.549237+09:00,56e07211-648e-475a-a31f-afa2c65a9b6d,078930,GS,BUY,FILLED,5.0,72400.0,362000.0,54.3,MODELED,-362054.3,5.0,188768422.265,77.0
2026-07-03T14:08:32.686365+09:00,0396773a-cd5e-4c83-8473-a4018c9fe3e1,161390,한국타이어앤테크놀로지,BUY,PARTIAL,1.0,66400.0,66400.0,9.96,MODELED,-66409.96,1.0,188702012.30499998,284.0
2026-07-03T14:09:46.644400+09:00,84c8f845-ca56-485e-b7d7-434eabce50a3,161390,한국타이어앤테크놀로지,BUY,FILLED,25.0,66600.0,1665000.0,249.75,MODELED,-1665249.75,25.0,187036762.55499998,309.0
2026-07-03T14:10:02.381775+09:00,0fbe8c50-8c43-44cd-9a84-23786c67187b,161390,한국타이어앤테크놀로지,BUY,FILLED,77.0,66683.11688311688,5134600.0,770.1899999999999,MODELED,-5135370.19,77.0,181901392.36499998,386.0
2026-07-03T14:10:38.643548+09:00,d72a0f47-ff55-4e7e-af06-5bcdabaebb6c,034730,SK,BUY,FILLED,11.0,685909.0909090909,7545000.0,1131.75,MODELED,-7546131.75,11.0,174355260.61499998,310.0
2026-07-03T14:10:49.505994+09:00,fc5246e1-f163-445c-bb9c-5eea8afcce23,034730,SK,BUY,FILLED,5.0,684000.0,3420000.0,513.0,MODELED,-3420513.0,5.0,170934747.61499998,315.0
2026-07-03T14:11:07.106668+09:00,242b288b-e54e-46f0-925e-c87f81b376d6,034730,SK,BUY,FILLED,10.0,683100.0,6831000.0,1024.65,MODELED,-6832024.65,10.0,164102722.96499997,325.0
2026-07-03T14:11:30.189149+09:00,9504eb05-7d6d-49f4-868c-9ca313d8d26a,078930,GS,BUY,FILLED,2.0,72500.0,145000.0,21.75,MODELED,-145021.75,2.0,163957701.21499997,79.0
2026-07-03T14:12:20.396964+09:00,16a1d29e-c023-44ad-bf1f-2a5fa2819b80,034730,SK,BUY,FILLED,9.0,683000.0,6147000.0,922.05,MODELED,-6147922.05,9.0,157809779.16499996,334.0
2026-07-03T14:14:33.439876+09:00,cdee0f0c-5736-4270-99b8-0b976420a3a8,161390,한국타이어앤테크놀로지,BUY,FILLED,1.0,66600.0,66600.0,9.989999999999998,MODELED,-66609.99,1.0,157743169.17499995,387.0
2026-07-03T14:14:44.680404+09:00,a0b622e2-5e1c-47fa-9f04-4a9e5ecb5ab2,161390,한국타이어앤테크놀로지,BUY,FILLED,1.0,66700.0,66700.0,10.005,MODELED,-66710.005,1.0,157676459.16999996,388.0
2026-07-03T14:14:59.329890+09:00,ab2c52a8-e242-4409-9289-26a55ab59b7d,161390,한국타이어앤테크놀로지,BUY,FILLED,1.0,66600.0,66600.0,9.989999999999998,MODELED,-66609.99,1.0,157609849.17999995,389.0
2026-07-03T14:15:21.466908+09:00,b97f4b23-e566-4e74-b59b-de9e181f8e92,161390,한국타이어앤테크놀로지,BUY,FILLED,1.0,66500.0,66500.0,9.975,MODELED,-66509.975,1.0,157543339.20499995,390.0
2026-07-03T14:15:49.853424+09:00,08f43acc-5492-4a44-b786-19fa3628da78,034730,SK,BUY,FILLED,9.0,685444.4444444445,6169000.0,925.35,MODELED,-6169925.35,9.0,151373413.85499996,343.0
2026-07-03T14:16:02.373775+09:00,22e6c04a-227d-4696-b490-7002abe7b0bc,034730,SK,BUY,FILLED,16.0,687000.0,10992000.0,1648.8,MODELED,-10993648.8,16.0,140379765.05499995,359.0
2026-07-03T14:16:17.885501+09:00,6fa12dd0-3ad7-4e58-89e5-534807083bde,034730,SK,BUY,FILLED,2.0,687000.0,1374000.0,206.1,MODELED,-1374206.1,2.0,139005558.95499995,361.0
2026-07-03T14:16:29.229733+09:00,8be1a8ba-6e24-4993-8b06-8890cd7f2f40,034730,SK,BUY,FILLED,10.0,687000.0,6870000.0,1030.5,MODELED,-6871030.5,10.0,132134528.45499995,371.0
2026-07-03T14:16:41.031021+09:00,2cb77425-5529-47d5-a3ad-d188c530c6f2,034730,SK,BUY,FILLED,12.0,687000.0,8244000.0,1236.6,MODELED,-8245236.6,12.0,123889291.85499996,383.0
2026-07-03T14:16:51.989121+09:00,8409e262-3852-4c2e-a038-448df0f35f90,034730,SK,BUY,FILLED,13.0,686076.9230769231,8919000.0,1337.85,MODELED,-8920337.85,13.0,114968954.00499997,396.0
2026-07-03T14:17:41.546574+09:00,12122a3e-5dbd-4a08-88a2-132586a32a1f,034730,SK,BUY,FILLED,21.0,687761.9047619047,14443000.0,2166.45,MODELED,-14445166.45,21.0,100523787.55499996,417.0
2026-07-03T14:17:49.555740+09:00,ce1ef743-3e93-4294-bd20-f28a3fd24d9e,034730,SK,BUY,FILLED,5.0,688000.0,3440000.0,516.0,MODELED,-3440516.0,5.0,97083271.55499996,422.0
2026-07-03T14:17:58.817439+09:00,1377ead9-a021-4009-87d2-92d9b9fb3847,034730,SK,BUY,FILLED,100.0,688220.0,68822000.0,10323.3,MODELED,-68832323.3,100.0,28250948.254999965,522.0
2026-07-03T14:18:10.540269+09:00,38620b1f-6f50-4529-b033-a1cc45b2cdd4,034730,SK,BUY,FILLED,2.0,690000.0,1380000.0,207.0,MODELED,-1380207.0,2.0,26870741.254999965,524.0
2026-07-03T14:18:30.576662+09:00,af8742be-de7a-430e-8496-49452c7527b8,161390,한국타이어앤테크놀로지,BUY,FILLED,50.0,66724.0,3336200.0,500.43,MODELED,-3336700.43,50.0,23534040.824999966,440.0
2026-07-03T14:18:59.686887+09:00,e23302e2-8f76-4848-857d-f3d9d7fdcc2c,034730,SK,BUY,FILLED,25.0,689880.0,17247000.0,2587.05,MODELED,-17249587.05,25.0,6284453.774999965,549.0
2026-07-03T14:19:08.086543+09:00,a3044d4a-376e-4131-8259-bbb16f512d35,034730,SK,BUY,FILLED,1.0,690000.0,690000.0,103.5,MODELED,-690103.5,1.0,5594350.274999965,550.0
2026-07-03T14:19:43.818212+09:00,07641348-a7db-41f5-b7a6-bb3f51659a6f,161390,한국타이어앤테크놀로지,BUY,FILLED,55.0,66707.27272727272,3668900.0,550.3349999999999,MODELED,-3669450.335,55.0,1924899.939999965,495.0
2026-07-03T14:19:52.247145+09:00,0f9ce409-21a2-4d46-bfff-fa97e06ca577,161390,한국타이어앤테크놀로지,BUY,FILLED,8.0,66700.0,533600.0,80.03999999999999,MODELED,-533680.04,8.0,1391219.899999965,503.0
2026-07-03T14:20:18.930158+09:00,e432ba72-0bf1-4f42-bf35-242a42fb07b3,034730,SK,BUY,FILLED,1.0,686000.0,686000.0,102.9,MODELED,-686102.9,1.0,705116.999999965,551.0
2026-07-03T14:22:24.996677+09:00,26162afb-d271-491c-804a-94a9567e82b0,161390,한국타이어앤테크놀로지,BUY,FILLED,2.0,66700.0,133400.0,20.01,MODELED,-133420.01,2.0,571696.989999965,505.0
2026-07-06T09:29:50.491210+09:00,900ea93d-34d5-403d-95cc-baee5b658860,078930,GS,SELL,FILLED,40.0,78600.0,3144000.0,6130.8,MODELED,3137869.2,-40.0,3709566.189999965,39.0
2026-07-06T09:29:53.421665+09:00,fb5a8d3b-9d7e-4e2c-bd97-5f81277a3293,278470,에이피알,SELL,FILLED,3.0,387500.0,1162500.0,2266.875,MODELED,1160233.125,-3.0,4869799.314999965,11.0
2026-07-06T09:29:56.255947+09:00,a5cf0d36-935c-4e95-aa0a-4a8ec242605a,278470,에이피알,SELL,FILLED,2.0,387000.0,774000.0,1509.3,MODELED,772490.7,-2.0,5642290.014999965,9.0
2026-07-06T09:30:02.455391+09:00,264bdf32-c833-46c2-8ed1-2ee7c748e827,034730,SK,BUY,FILLED,6.0,689333.3333333334,4136000.0,620.4,MODELED,-4136620.4,6.0,1505669.6149999653,557.0
2026-07-06T09:30:17.255268+09:00,b806c99c-29da-45e5-88d9-1235f36e0b31,161390,한국타이어앤테크놀로지,BUY,FILLED,17.0,68700.0,1167900.0,175.18499999999997,MODELED,-1168075.185,17.0,337594.42999996524,522.0
2026-07-06T09:30:56.816051+09:00,1c0a46b2-dd94-4ad3-be09-76b150ca49a3,161390,한국타이어앤테크놀로지,BUY,FILLED,3.0,69233.33333333333,207700.0,31.155,MODELED,-207731.155,3.0,129863.27499996524,525.0
2026-07-06T09:31:51.984154+09:00,e8cb01c5-ed8b-4eb1-8ccc-0a924432361b,161390,한국타이어앤테크놀로지,BUY,FILLED,1.0,68900.0,68900.0,10.335,MODELED,-68910.335,1.0,60952.93999996524,526.0
2026-07-09T09:00:15.176450+09:00,f90e62c0-67f6-4f42-b7d2-a9df43940d1f,012330,현대모비스,SELL,FILLED,157.0,486000.0,76302000.0,148788.9,MODELED,76153211.1,-157.0,76214164.03999996,0.0
2026-07-09T09:00:19.214338+09:00,78569886-4487-456c-98f4-81ab1d006f2f,034730,SK,SELL,FILLED,557.0,617125.6732495512,343739000.0,670291.0499999999,MODELED,343068708.95,-557.0,419282872.98999995,0.0
2026-07-09T09:00:19.521228+09:00,f7a3f469-6856-4def-aaaa-ad6073d67da4,078930,GS,SELL,FILLED,39.0,79694.8717948718,3108100.0,6060.795,MODELED,3102039.205,-39.0,422384912.19499993,0.0
2026-07-09T09:00:21.384417+09:00,27102e3b-3738-46f7-8ae6-0a554945a659,161390,한국타이어앤테크놀로지,SELL,FILLED,526.0,73582.12927756654,38704200.0,75473.19,MODELED,38628726.81,-526.0,461013639.00499994,0.0
2026-07-09T09:00:23.197748+09:00,dd1f8909-4690-45fd-8812-1fd51adff109,278470,에이피알,SELL,FILLED,9.0,398000.0,3582000.0,6984.9,MODELED,3575015.1,-9.0,464588654.10499996,0.0
2026-07-09T14:43:59.701853+09:00,4a724f4d-2046-4e1a-96c6-da395b5c3159,021240,코웨이,BUY,FILLED,1317.0,86111.04783599089,113408250.0,17011.2375,MODELED,-113425261.2375,1317.0,351163392.86749995,1317.0
2026-07-09T14:44:00.639045+09:00,c8bdd4d8-bc7f-40cd-8e80-2b3bdbf9464d,402340,SK스퀘어,BUY,FILLED,146.0,1302126.7123287672,190110500.0,28516.575,MODELED,-190139016.575,146.0,161024376.29249996,146.0
2026-07-09T14:44:10.080724+09:00,caaaaf23-fd64-42e9-8010-abcc85b63c4c,011070,LG이노텍,BUY,FILLED,164.0,729621.9512195121,119658000.0,17948.699999999997,MODELED,-119675948.7,164.0,41348427.59249996,164.0
2026-07-09T14:44:14.825028+09:00,87e63d88-95a6-459d-89e1-5055c58c18a7,064400,LG씨엔에스,BUY,FILLED,913.0,69183.95399780943,63164950.0,9474.742499999998,MODELED,-63174424.7425,913.0,-21825997.150000043,913.0
2026-07-09T14:44:21.687101+09:00,b4fa2db0-32b0-46ab-ad60-56853a88805b,009420,한올바이오파마,BUY,FILLED,870.0,56881.9540229885,49487300.0,7423.094999999999,MODELED,-49494723.095,870.0,-71320720.24500003,870.0
2026-07-09T14:44:54.040516+09:00,39bc8180-6531-4dda-86f2-25a14f04c091,161390,한국타이어앤테크놀로지,BUY,FILLED,827.0,69199.27448609432,57227800.0,8584.17,MODELED,-57236384.17,827.0,-128557104.41500004,827.0
2026-07-09T14:47:10.999924+09:00,e24d6759-6d1d-4488-ae0f-92927317bb68,064400,LG씨엔에스,BUY,FILLED,913.0,69120.15334063527,63106700.0,9466.005,MODELED,-63116166.005,913.0,-191673270.42000005,1826.0
2026-07-09T14:48:00.944910+09:00,27e120d1-18e1-42af-aba9-304f91ec8a0b,161390,한국타이어앤테크놀로지,BUY,FILLED,827.0,69235.4292623942,57257700.0,8588.654999999999,MODELED,-57266288.655,827.0,-248939559.07500005,1654.0
2026-07-09T14:59:48+09:00,BROKER_ONLY:0000047428,009420,한올바이오파마,SELL,FILLED,870.0,57035.1724137931,49620600.0,96760.17,MODELED,49523839.83,-870.0,-199415719.24500006,0.0
2026-07-09T14:59:52+09:00,BROKER_ONLY:0000047438,064400,LG씨엔에스,SELL,FILLED,1826.0,69899.9178532311,127637250.0,248892.63749999998,MODELED,127388357.3625,-1826.0,-72027361.88250007,0.0
2026-07-09T14:59:59+09:00,BROKER_ONLY:0000047443,021240,코웨이,SELL,FILLED,1317.0,86305.54290053151,113664400.0,221645.58000000002,MODELED,113442754.42,-1317.0,41415392.537499934,0.0
2026-07-09T15:02:36.857889+09:00,750d1153-87f5-4cca-b7dc-26fae25bb283,009150,삼성전기,BUY,FILLED,127.0,1477149.606299213,187598000.0,28139.7,MODELED,-187626139.7,127.0,-146210747.16250005,127.0
2026-07-09T15:03:51.202514+09:00,1df45f48-0e42-404a-8f93-1a66dd1adce8,009420,한올바이오파마,BUY,FILLED,883.0,56598.30124575312,49976300.0,7496.445,MODELED,-49983796.445,883.0,-196194543.60750005,883.0
2026-07-09T15:06:04+09:00,BROKER_ONLY:0000048097,009150,삼성전기,SELL,FILLED,127.0,1473409.4488188976,187123000.0,364889.85000000003,MODELED,186758110.15,-127.0,-9436433.45750004,0.0
2026-07-09T15:06:09+09:00,BROKER_ONLY:0000048105,009420,한올바이오파마,SELL,FILLED,883.0,56365.57191392979,49770800.0,97053.06,MODELED,49673746.94,-883.0,40237313.48249996,0.0
2026-07-09T15:07:53.225523+09:00,84b85599-5609-4ce5-9294-b1277ed39711,064400,LG씨엔에스,BUY,FILLED,922.0,69337.41865509762,63929100.0,9589.365,MODELED,-63938689.365,922.0,-23701375.882500045,922.0
2026-07-09T15:09:23.229428+09:00,864e5e82-056b-48fb-938f-4ab32e4958ca,009420,한올바이오파마,BUY,FILLED,883.0,56085.39071347679,49523400.0,7428.509999999999,MODELED,-49530828.51,883.0,-73232204.39250004,883.0
2026-07-09T15:13:13.564123+09:00,3081a3b7-faa3-4c93-8646-1025eea39c0c,005930,삼성전자,BUY,FILLED,72.0,278097.22222222225,20023000.0,3003.45,MODELED,-20026003.45,72.0,-93258207.84250005,72.0
2026-07-09T15:13:28.352349+09:00,fa5a4e39-4d7b-49e0-8f05-cfc7d106d4e2,001800,오리온홀딩스,BUY,FILLED,772.0,25030.11658031088,19323250.0,2898.4875,MODELED,-19326148.4875,772.0,-112584356.33000004,772.0
2026-07-09T15:13:29.162877+09:00,84be80e7-07ea-48de-bd11-3eb7492e7ef2,034730,SK,BUY,FILLED,33.0,610272.7272727273,20139000.0,3020.85,MODELED,-20142020.85,33.0,-132726377.18000004,33.0
2026-07-09T15:13:46.713050+09:00,3e831268-97a8-4ccc-925e-53e996b2c287,483650,달바글로벌,BUY,FILLED,92.0,202385.86956521735,18619500.0,2792.925,MODELED,-18622292.925,92.0,-151348670.10500005,92.0
2026-07-09T15:13:47.484270+09:00,d408e919-5728-4c5a-a9ca-fb0abc2cc763,009150,삼성전기,BUY,FILLED,13.0,1481153.8461538462,19255000.0,2888.2499999999995,MODELED,-19257888.25,13.0,-170606558.35500005,13.0
2026-07-09T15:13:48.962719+09:00,f900d49e-1467-4e49-b3ff-1890d3051d4d,353200,대덕전자,BUY,FILLED,190.0,111375.26315789472,21161300.0,3174.195,MODELED,-21164474.195,190.0,-191771032.55000004,190.0
2026-07-09T15:14:44.147351+09:00,d0069cfe-0318-4ee0-8f9b-622e11ac376a,028260,삼성물산,BUY,FILLED,50.0,380500.0,19025000.0,2853.7499999999995,MODELED,-19027853.75,50.0,-210798886.30000004,50.0
2026-07-09T15:16:43.281116+09:00,5bfe9ddb-a926-446a-a479-98e6007485fc,009420,한올바이오파마,SELL,FILLED,538.0,55829.553903345724,30036300.0,58570.784999999996,MODELED,29977729.215,-538.0,-180821157.08500004,345.0
2026-07-09T15:16:44.043992+09:00,54da5da2-bc53-433a-8fef-70ebe2a8a0bd,011070,LG이노텍,SELL,FILLED,137.0,736540.1459854015,100906000.0,196766.69999999998,MODELED,100709233.3,-137.0,-80111923.78500004,27.0
2026-07-09T15:16:50.620423+09:00,08145600-68d3-4e49-9fe0-5365b11e4cfb,064400,LG씨엔에스,SELL,FILLED,638.0,69207.36677115987,44154300.0,86100.885,MODELED,44068199.115,-638.0,-36043724.67000004,284.0
2026-07-09T15:16:56.409149+09:00,936a8e88-fa6a-4817-adf5-aa57c602cd9f,161390,한국타이어앤테크놀로지,SELL,FILLED,1377.0,69795.71532316631,96108700.0,187411.965,MODELED,95921288.035,-1377.0,59877563.36499996,277.0
2026-07-09T15:17:03.106599+09:00,053aa3a4-84e7-4235-8f6b-7961b01633d3,402340,SK스퀘어,SELL,FILLED,130.0,1334992.3076923075,173549000.0,338420.55,MODELED,173210579.45,-130.0,233088142.81499994,16.0
2026-07-09T15:17:16.312358+09:00,1c218c14-995a-447d-a995-e8b515846dfd,021240,코웨이,BUY,FILLED,220.0,84956.81818181818,18690500.0,2803.575,MODELED,-18693303.575,220.0,214394839.23999995,220.0
2026-07-09T15:17:17.102200+09:00,b637abc3-6796-43a5-9f49-1fbb03b5b3e2,180640,한진칼,BUY,FILLED,148.0,127085.13513513512,18808600.0,2821.29,MODELED,-18811421.29,148.0,195583417.94999996,148.0
2026-07-09T15:17:26.348743+09:00,1bf0a9f5-0416-4c4b-914d-1e96ad7e3511,023530,롯데쇼핑,BUY,FILLED,126.0,157358.73015873015,19827200.0,2974.08,MODELED,-19830174.08,126.0,175753243.86999995,126.0
2026-07-09T15:17:27.239478+09:00,135b177c-fc10-49ad-a539-861f8888303a,383220,F&F,BUY,FILLED,252.0,78390.87301587302,19754500.0,2963.175,MODELED,-19757463.175,252.0,155995780.69499993,252.0
2026-07-09T15:17:39.949358+09:00,2e24b915-4028-4e2e-824d-a481e33b7790,005440,현대지에프홀딩스,BUY,FILLED,1435.0,13062.132404181184,18744160.0,2811.624,MODELED,-18746971.624,1435.0,137248809.07099992,1435.0
2026-07-09T15:17:43.846614+09:00,b898215f-e647-4bf8-a887-1a68172f1630,004170,신세계,BUY,FILLED,32.0,600312.5,19210000.0,2881.4999999999995,MODELED,-19212881.5,32.0,118035927.57099992,32.0
2026-07-09T15:17:51.728090+09:00,53cb2385-9821-47f2-b16e-03823a433257,000240,한국앤컴퍼니,BUY,FILLED,789.0,25369.898605830163,20016850.0,3002.5275,MODELED,-20019852.5275,789.0,98016075.04349992,789.0
2026-07-09T15:17:52.650681+09:00,db697f9a-b86a-4187-ad5c-d3bbd4c0124d,161890,한국콜마,BUY,FILLED,180.0,102691.11111111112,18484400.0,2772.66,MODELED,-18487172.66,180.0,79528902.38349992,180.0
2026-07-09T15:19:22.447741+09:00,08343ef8-ae78-4ea0-b573-24a949c1b823,383220,F&F,BUY,FILLED,161.0,78321.11801242236,12609700.0,1891.455,MODELED,-12611591.455,161.0,66917310.92849992,413.0
2026-07-09T15:19:27.687987+09:00,9f24aded-3350-4692-923e-5db23cd05a0b,000240,한국앤컴퍼니,BUY,FILLED,170.0,25250.0,4292500.0,643.875,MODELED,-4293143.875,170.0,62624167.05349992,959.0
2026-07-09T15:19:28.611980+09:00,ae77574b-2c74-4241-a896-03bf3f598576,023530,롯데쇼핑,BUY,FILLED,33.0,156945.45454545456,5179200.0,776.8799999999999,MODELED,-5179976.88,33.0,57444190.17349992,159.0
2026-07-09T15:19:33.721745+09:00,f7b13ed5-e0d6-4962-b0a8-5cb7b74092a4,005440,현대지에프홀딩스,BUY,FILLED,1081.0,12894.27382053654,13938710.0,2090.8065,MODELED,-13940800.8065,1081.0,43503389.36699992,2516.0
2026-07-09T15:20:51.667011+09:00,62210a1e-9364-41a1-8e3b-7af42fc1ccde,000240,한국앤컴퍼니,SELL,FILLED,172.0,25450.0,4377400.0,8535.93,MODELED,4368864.07,-172.0,47872253.43699992,787.0
2026-07-09T15:20:57.188454+09:00,721aa315-57af-4c08-b262-d26827e030e6,005440,현대지에프홀딩스,SELL,FILLED,166.0,12870.0,2136420.0,4166.019,MODELED,2132253.981,-166.0,50004507.417999916,2350.0
2026-07-09T15:21:04.035414+09:00,84b82b05-e677-4460-a910-c5268fb16d29,023530,롯데쇼핑,SELL,FILLED,32.0,158400.0,5068800.0,9884.16,MODELED,5058915.84,-32.0,55063423.25799991,127.0
2026-07-09T15:21:08.647770+09:00,c067e540-7d91-4e94-869e-d9799b8784b2,383220,F&F,SELL,FILLED,72.0,78500.0,5652000.0,11021.4,MODELED,5640978.6,-72.0,60704401.85799991,341.0
2026-07-10T09:06:22.345661+09:00,49874463-889a-4fb5-b361-413d72eb377c,005440,현대지에프홀딩스,SELL,FILLED,1176.0,13349.566326530612,15699090.0,30613.2255,MODELED,15668476.7745,-1176.0,76372878.63249992,1174.0
2026-07-10T09:06:23.175099+09:00,48fd235e-5465-42fe-b557-c86f96018d5c,009420,한올바이오파마,SELL,FILLED,215.0,56200.0,12083000.0,23561.850000000002,MODELED,12059438.15,-215.0,88432316.78249992,130.0
2026-07-10T09:06:23.934011+09:00,6fe6d592-90b7-44a0-ba40-d941611c6839,011070,LG이노텍,SELL,FILLED,3.0,760000.0,2280000.0,4446.0,MODELED,2275554.0,-3.0,90707870.78249992,24.0
2026-07-10T09:06:24.694962+09:00,f0a4ac35-3144-4b03-bc7b-bb84acfb8571,064400,LG씨엔에스,SELL,FILLED,284.0,72535.91549295775,20600200.0,40170.39,MODELED,20560029.61,-284.0,111267900.39249992,0.0
2026-07-10T09:06:25.459134+09:00,bfb02de0-a2aa-49aa-b17c-4d9597fefbfe,161390,한국타이어앤테크놀로지,SELL,FILLED,155.0,70782.58064516129,10971300.0,21394.035,MODELED,10949905.965,-155.0,122217806.35749993,122.0
2026-07-10T09:06:26.224989+09:00,9ab3eff9-6f30-4d6a-a246-46b0aed78483,180640,한진칼,SELL,FILLED,54.0,131844.44444444444,7119600.0,13883.220000000001,MODELED,7105716.78,-54.0,129323523.13749993,94.0
2026-07-10T09:06:26.989576+09:00,9573ab3d-dfab-467a-bad5-14f01f0ef521,383220,F&F,SELL,FILLED,123.0,78758.53658536586,9687300.0,18890.235,MODELED,9668409.765,-123.0,138991932.9024999,218.0
2026-07-10T09:06:27.785351+09:00,21f94da5-cb0d-4286-afcc-faabcb5c3b97,028260,삼성물산,BUY,FILLED,15.0,387566.6666666667,5813500.0,872.025,MODELED,-5814372.025,15.0,133177560.87749991,65.0
2026-07-10T09:06:28.529546+09:00,17692982-f010-4a77-8632-3ca104fb48fe,353200,대덕전자,BUY,FILLED,44.0,113900.0,5011600.0,751.7399999999999,MODELED,-5012351.74,44.0,128165209.13749991,234.0
2026-07-10T09:06:29.294509+09:00,3b449537-0a2c-4595-a3f5-b021446f5381,023530,롯데쇼핑,BUY,FILLED,38.0,162560.52631578947,6177300.0,926.595,MODELED,-6178226.595,38.0,121986982.54249991,165.0
2026-07-10T09:06:30.042781+09:00,8e32bc68-4783-44c3-a57f-f14576a7127e,483650,달바글로벌,BUY,FILLED,39.0,201961.53846153847,7876500.0,1181.475,MODELED,-7877681.475,39.0,114109301.06749992,131.0
2026-07-10T09:06:31.566188+09:00,7dcdcf82-05eb-4db9-9b7b-7e998653dfab,004170,신세계,BUY,FILLED,11.0,644363.6363636364,7088000.0,1063.1999999999998,MODELED,-7089063.2,11.0,107020237.86749992,43.0
2026-07-10T09:06:32.330112+09:00,c9e7b30b-bdd9-45bb-acf9-5c9fba8fb69e,009150,삼성전기,BUY,FILLED,4.0,1564000.0,6256000.0,938.4,MODELED,-6256938.4,4.0,100763299.46749991,17.0
2026-07-10T09:06:33.115539+09:00,cdf4dc45-8cba-4dc0-8151-b00b9a5c4d66,000240,한국앤컴퍼니,BUY,FILLED,244.0,26046.9262295082,6355450.0,953.3175,MODELED,-6356403.3175,244.0,94406896.14999992,1031.0
2026-07-10T09:06:33.936885+09:00,3b953662-5d36-440c-b624-2249a0da5a54,161890,한국콜마,BUY,FILLED,75.0,101094.66666666669,7582100.0,1137.3149999999998,MODELED,-7583237.315,75.0,86823658.83499992,255.0
2026-07-10T09:06:34.848376+09:00,cdb90476-1588-4d44-8584-a53ad2f5ed42,402340,SK스퀘어,BUY,FILLED,3.0,1411000.0,4233000.0,634.9499999999999,MODELED,-4233634.95,3.0,82590023.88499992,19.0
2026-07-10T09:06:35.627974+09:00,60de827e-8079-4c7f-8a8e-0dc8db6bf191,034730,SK,BUY,FILLED,10.0,644000.0,6440000.0,966.0,MODELED,-6440966.0,10.0,76149057.88499992,43.0
2026-07-10T09:06:36.445004+09:00,980b330d-41d2-4f71-9020-dfff928e20fe,001800,오리온홀딩스,BUY,FILLED,193.0,25609.58549222798,4942650.0,741.3974999999999,MODELED,-4943391.3975,193.0,71205666.48749992,965.0
2026-07-10T09:06:37.246713+09:00,cfb36495-60e0-4ff5-8387-500fdd61ec1e,005930,삼성전자,BUY,FILLED,22.0,286545.45454545453,6304000.0,945.6,MODELED,-6304945.6,22.0,64900720.88749992,94.0
2026-07-10T09:07:48.907827+09:00,0fd654aa-5cec-474c-9ae7-5e2da7d27094,005440,현대지에프홀딩스,SELL,FILLED,926.0,13361.317494600433,12372580.0,24126.531,MODELED,12348453.469,-926.0,77249174.35649993,248.0
2026-07-10T09:07:49.842709+09:00,6cf7ebdf-891c-46e9-a83e-4732a1caf510,383220,F&F,SELL,FILLED,109.0,78977.06422018349,8608500.0,16786.575,MODELED,8591713.425,-109.0,85840887.78149992,109.0
2026-07-10T09:07:50.768600+09:00,4bfd5119-746f-46b9-9532-efaf2d188c53,483650,달바글로벌,BUY,FILLED,22.0,201318.18181818185,4429000.0,664.3499999999999,MODELED,-4429664.35,22.0,81411223.43149993,153.0
2026-07-10T09:07:52.346548+09:00,588029f8-ab31-48cc-ae45-0d3f2720ee15,001800,오리온홀딩스,BUY,FILLED,181.0,25581.21546961326,4630200.0,694.53,MODELED,-4630894.53,181.0,76780328.90149993,1146.0
2026-07-10T09:07:53.173890+09:00,487496b4-386c-4fc5-ba29-c56b711f9550,000240,한국앤컴퍼니,BUY,FILLED,234.0,25919.444444444445,6065150.0,909.7725,MODELED,-6066059.7725,234.0,70714269.12899993,1265.0
2026-07-10T09:09:05.921526+09:00,9e2165df-429c-478e-8893-83f379df1253,383220,F&F,SELL,FILLED,36.0,79075.0,2846700.0,5551.0650000000005,MODELED,2841148.935,-36.0,73555418.06399994,73.0
2026-07-10T09:09:06.718194+09:00,1c1505ea-9d59-4df5-a02b-b326f7e0f897,483650,달바글로벌,SELL,FILLED,21.0,201047.61904761905,4222000.0,8232.9,MODELED,4213767.1,-21.0,77769185.16399993,132.0
2026-07-10T09:09:08.322305+09:00,ce12ea53-4af9-44a8-a0a5-e91f4f1cdaf7,000240,한국앤컴퍼니,BUY,FILLED,190.0,25860.526315789477,4913500.0,737.025,MODELED,-4914237.025,190.0,72854948.13899992,1455.0
2026-07-10T09:10:20.560494+09:00,0fe96f4c-0302-40ae-a6b3-f1bbdbfb8760,001800,오리온홀딩스,SELL,FILLED,130.0,25804.615384615383,3354600.0,6541.469999999999,MODELED,3348058.53,-130.0,76203006.66899993,1016.0
2026-07-10T09:10:21.385795+09:00,9953f883-2310-4dd9-bc8a-6b2ebc19c90b,005440,현대지에프홀딩스,BUY,FILLED,928.0,13407.413793103447,12442080.0,1866.312,MODELED,-12443946.312,928.0,63759060.356999926,1176.0
2026-07-10T09:10:23.017403+09:00,dbdde55d-0448-4fa6-914d-11afdf78dab8,383220,F&F,BUY,FILLED,45.0,79100.0,3559500.0,533.925,MODELED,-3560033.925,45.0,60199026.43199993,118.0
2026-07-10T09:11:34.577012+09:00,78005246-5682-4c43-b335-bd04f5effae9,000240,한국앤컴퍼니,SELL,FILLED,422.0,26092.417061611373,11011000.0,21471.45,MODELED,10989528.55,-422.0,71188554.98199993,1033.0
2026-07-10T09:11:35.405925+09:00,ee5894c6-7235-4038-b1be-93648858843b,001800,오리온홀딩스,SELL,FILLED,154.0,25987.012987012982,4002000.0,7803.9,MODELED,3994196.1,-154.0,75182751.08199993,862.0
2026-07-10T09:11:36.233440+09:00,94c1ea83-93ff-4d1c-b82a-e6daa09424e7,383220,F&F,BUY,FILLED,99.0,79420.20202020202,7862600.0,1179.39,MODELED,-7863779.39,99.0,67318971.69199993,217.0
2026-07-10T09:12:48.914792+09:00,06aead87-3ca8-4bf0-bb85-a5eeeccf57fd,000240,한국앤컴퍼니,SELL,FILLED,163.0,26055.52147239264,4247050.0,8281.7475,MODELED,4238768.2525,-163.0,71557739.94449992,870.0
2026-07-10T09:12:50.607494+09:00,c326876b-c22a-4f07-be08-c9806967ab8b,001800,오리온홀딩스,BUY,FILLED,107.0,26061.21495327103,2788550.0,418.2825,MODELED,-2788968.2825,107.0,68768771.66199993,969.0
2026-07-10T09:12:51.453068+09:00,58335646-aab1-4773-a1d2-e6011effd9b9,383220,F&F,BUY,FILLED,98.0,79633.67346938775,7804100.0,1170.615,MODELED,-7805270.615,98.0,60963501.046999924,315.0
2026-07-10T09:15:14.445016+09:00,5fe17183-0ff1-4a40-a7ee-48cdea151ca6,383220,F&F,SELL,FILLED,75.0,79217.33333333333,5941300.0,11585.535,MODELED,5929714.465,-75.0,66893215.51199992,240.0
2026-07-10T09:15:15.253441+09:00,01c33d4b-b69f-4e11-9654-4ecfdeada6e6,000240,한국앤컴퍼니,BUY,FILLED,167.0,26155.389221556885,4367950.0,655.1925,MODELED,-4368605.1925,167.0,62524610.31949992,1037.0
2026-07-10T09:16:25.442812+09:00,3463e31e-d971-4970-b53a-10feb2a43289,383220,F&F,SELL,FILLED,49.0,79679.59183673469,3904300.0,7613.385,MODELED,3896686.615,-49.0,66421296.93449992,191.0
2026-07-10T09:18:53.527051+09:00,f2cff0dd-e1f4-41fb-869a-0b2d788d02d6,383220,F&F,BUY,FILLED,27.0,79696.29629629629,2151800.0,322.77,MODELED,-2152122.77,27.0,64269174.164499916,218.0
2026-07-13T09:07:41.660567+09:00,d1bf6fa9-a5b5-420c-a1a6-18713ebd0c46,004170,신세계,SELL,FILLED,43.0,636720.9302325582,27379000.0,53389.049999999996,MODELED,27325610.95,-43.0,91594785.11449991,0.0
2026-07-13T09:07:49.369240+09:00,a2c47384-e52d-42dd-9cf6-7d79c1d9fa52,009420,한올바이오파마,SELL,FILLED,130.0,58114.61538461538,7554900.0,14732.055,MODELED,7540167.945,-130.0,99134953.05949992,0.0
2026-07-13T09:18:31.083917+09:00,a29e75d8-a0ed-49c2-bc17-f6c5d007065f,021240,코웨이,SELL,FILLED,220.0,91599.54545454546,20151900.0,39296.205,MODELED,20112603.795,-220.0,119247556.85449992,0.0
2026-07-13T09:23:32.515094+09:00,fe418d39-a1e1-47b4-9a5c-aa9eb1232088,180640,한진칼,SELL,FILLED,94.0,132689.36170212767,12472800.0,24321.96,MODELED,12448478.04,-94.0,131696034.89449993,0.0
2026-07-13T10:03:41.009220+09:00,62fa3e70-5eec-46e3-bf55-041665b9f37c,005440,현대지에프홀딩스,SELL,FILLED,1176.0,14299.498299319728,16816210.0,32791.6095,MODELED,16783418.3905,-1176.0,148479453.28499994,0.0
2026-07-13T10:03:47.969841+09:00,db6bf959-2cd0-41af-817b-40ca8cfe688e,009150,삼성전기,SELL,FILLED,17.0,1439529.4117647058,24472000.0,47720.4,MODELED,24424279.6,-17.0,172903732.88499993,0.0
2026-07-13T10:03:55.593407+09:00,f8c7fc14-d4aa-466e-9dd3-406a0673dcdf,161890,한국콜마,SELL,FILLED,255.0,115080.39215686274,29345500.0,57223.725,MODELED,29288276.275,-255.0,202192009.15999994,0.0
2026-07-13T10:24:41.954507+09:00,bdad3110-1716-46ae-9b47-ca2c45683ca3,028260,삼성물산,SELL,FILLED,65.0,374230.7692307693,24325000.0,47433.75,MODELED,24277566.25,-65.0,226469575.40999994,0.0
2026-07-13T14:15:06.367502+09:00,8af14bbd-4375-45e9-91ff-c77a668201a0,402340,SK스퀘어,SELL,FILLED,3.0,1192333.3333333333,3577000.0,6975.15,MODELED,3570024.85,-3.0,230039600.25999993,16.0
2026-07-13T14:15:33.285730+09:00,eae08148-99a6-4a1e-9a14-ad0b902eb0c3,001800,오리온홀딩스,BUY,FILLED,1003.0,26845.264207377862,26925800.0,4038.87,MODELED,-26929838.87,1003.0,203109761.38999993,1972.0
2026-07-13T14:15:52.260930+09:00,072d846d-099d-497d-9422-d402a741e080,180640,한진칼,BUY,FILLED,237.0,136362.0253164557,32317800.0,4847.669999999999,MODELED,-32322647.67,237.0,170787113.7199999,237.0
2026-07-13T14:22:48.816039+09:00,7a03b075-0cb3-4e4b-ad23-29deacb4789d,483650,달바글로벌,BUY,FILLED,86.0,198054.6511627907,17032700.0,2554.905,MODELED,-17035254.905,86.0,153751858.8149999,218.0
2026-07-14T10:06:47.171441+09:00,6659c9d6-a9e0-4ed4-87f2-bb6879632d57,000240,한국앤컴퍼니,SELL,FILLED,1037.0,24742.864030858243,25658350.0,50033.7825,MODELED,25608316.2175,-1037.0,179360175.0324999,0.0
2026-07-14T10:06:54.764224+09:00,88df81db-7ffd-46cf-939c-463746f5c3fb,023530,롯데쇼핑,SELL,FILLED,64.0,148543.75,9506800.0,18538.26,MODELED,9488261.74,-64.0,188848436.77249992,101.0
2026-07-14T10:07:03.007838+09:00,8a3134e6-6916-4f97-96c2-3eb744ce61c7,034730,SK,BUY,FILLED,14.0,580000.0,8120000.0,1218.0,MODELED,-8121218.0,14.0,180727218.77249992,57.0
2026-07-14T10:07:06.341208+09:00,eda59ce3-73a2-40e2-838b-8786058b3457,353200,대덕전자,BUY,FILLED,180.0,111493.88888888888,20068900.0,3010.335,MODELED,-20071910.335,180.0,160655308.4374999,414.0
2026-07-14T10:07:20.857060+09:00,c35bf912-ca02-42ab-8882-79a03ad8f7c8,383220,F&F,BUY,FILLED,268.0,78950.0,21158600.0,3173.7899999999995,MODELED,-21161773.79,268.0,139493534.64749992,486.0
2026-07-14T10:15:12.246189+09:00,dbf3690d-9255-4277-a344-bd0611a78584,011070,LG이노텍,BUY,FILLED,9.0,663000.0,5967000.0,895.05,MODELED,-5967895.05,9.0,133525639.59749992,33.0
2026-07-14T10:59:59.094823+09:00,12d588d1-6760-4afa-817f-48f476b146c4,021240,코웨이,BUY,FILLED,174.0,93658.0459770115,16296500.0,2444.475,MODELED,-16298944.475,174.0,117226695.12249993,174.0
2026-07-14T11:11:05.508612+09:00,570ad706-42a5-4c06-863f-90880e00b12f,005930,삼성전자,BUY,FILLED,116.0,259000.0,30044000.0,4506.599999999999,MODELED,-30048506.6,116.0,87178188.52249992,210.0
2026-07-14T14:59:43.645144+09:00,adea8547-eb49-4cf2-aea1-f60d0dfb4870,180640,한진칼,SELL,FILLED,237.0,113205.06329113925,26829600.0,52317.72,MODELED,26777282.28,-237.0,113955470.80249992,0.0
2026-07-14T15:01:14.758347+09:00,0ceecfc1-c5c3-45bc-bc56-e83c72c2cd32,402340,SK스퀘어,SELL,FILLED,16.0,1192750.0,19084000.0,37213.799999999996,MODELED,19046786.2,-16.0,133002257.00249992,0.0
2026-07-14T15:03:27.907634+09:00,3eae9cb9-dc94-4ed9-a357-b7b75d2b86dd,011070,LG이노텍,SELL,FILLED,33.0,638030.303030303,21055000.0,41057.25,MODELED,21013942.75,-33.0,154016199.75249994,0.0
2026-07-15T09:01:02.984080+09:00,39eddf8d-c335-417a-894a-84f65b8d49dc,001800,오리온홀딩스,SELL,FILLED,1972.0,26467.06389452333,52193050.0,101776.44750000001,MODELED,52091273.5525,-1972.0,206107473.30499995,0.0
2026-07-15T09:01:12.618252+09:00,8b5fb12b-4976-49f4-8e8b-febd1ab664de,021240,코웨이,BUY,FILLED,248.0,95709.67741935483,23736000.0,3560.4,MODELED,-23739560.4,248.0,182367912.90499994,422.0
2026-07-15T09:01:19.725728+09:00,2f32a79c-a5b6-49fa-8049-51f32049effb,483650,달바글로벌,BUY,FILLED,132.0,199815.9090909091,26375700.0,3956.355,MODELED,-26379656.355,132.0,155988256.54999995,350.0
2026-07-15T09:11:59.978441+09:00,a1d82d7c-f885-4044-855a-2e7b007f411f,353200,대덕전자,SELL,FILLED,414.0,124134.54106280192,51391700.0,100213.815,MODELED,51291486.185,-414.0,207279742.73499995,0.0
2026-07-15T09:43:28.223934+09:00,2a8d066a-0173-4e74-98e4-a22ae07f864e,383220,F&F,BUY,FILLED,429.0,78667.83216783217,33748500.0,5062.275,MODELED,-33753562.275,429.0,173526180.45999995,915.0
2026-07-15T11:38:16.090213+09:00,71cf744e-4a2d-45a3-b9ec-5d773de956e7,023530,롯데쇼핑,BUY,FILLED,167.0,148773.6526946108,24845200.0,3726.78,MODELED,-24848926.78,167.0,148677253.67999995,268.0
2026-07-15T12:39:57.787424+09:00,2bbc3300-dafb-4734-a5c0-57e3aa785562,023530,롯데쇼핑,SELL,FILLED,268.0,145437.31343283583,38977200.0,76005.54,MODELED,38901194.46,-268.0,187578448.13999996,0.0
2026-07-21T09:14:34.261587+09:00,ef9a80e0-c702-4503-9681-2c703525cff9,005930,삼성전자,SELL,FILLED,210.0,249476.19047619047,52390000.0,102160.5,MODELED,52287839.5,-210.0,239866287.63999996,0.0
2026-07-21T09:14:37.601720+09:00,106f27a9-2af9-4d8d-bb58-9d3cce63a91b,034730,SK,BUY,FILLED,64.0,572921.875,36667000.0,5500.049999999999,MODELED,-36672500.05,64.0,203193787.58999997,121.0
2026-07-21T09:14:45.186077+09:00,4895ad0f-744a-4688-8a45-116e30a5acf4,161390,한국타이어앤테크놀로지,BUY,FILLED,879.0,69426.39362912401,61025800.0,9153.87,MODELED,-61034953.87,879.0,142158833.71999997,1001.0
2026-07-21T09:20:51.285704+09:00,2c78454a-b033-4c68-83c5-ada44362a547,034730,SK,SELL,FILLED,121.0,571198.347107438,69115000.0,134774.25,MODELED,68980225.75,-121.0,211139059.46999997,0.0
2026-07-21T10:30:49.365635+09:00,6608a91b-6d1e-48bb-9d89-b89c8a7d7d5f,483650,달바글로벌,SELL,FILLED,51.0,238852.9411764706,12181500.0,23753.925,MODELED,12157746.075,-51.0,223296805.54499996,299.0
2026-07-22T09:00:58.336731+09:00,6a242648-e393-4ef2-8714-38cf86702831,021240,코웨이,BUY,FILLED,331.0,95223.56495468278,31519000.0,4727.849999999999,MODELED,-31523727.85,331.0,191773077.69499996,753.0
